{
    "id": "00197656d39143938002168fa1746a5c",
    "name": "Pescado zarandiado",
    "country": "Mexico",
    "time": "Total: 1 h = 30' prep. + 30' coc.",
    "link": "https://www.recetas.com/receta-de-Pescado-zarandiado-2769.html",
    "ingredients": [
        "6 pescados de 200 grs. aproximadamente cada uno (lisa, bonito o barrilete)"
    ],
    "steps": [
        "Se abren los pescados a lo largo, sin quitarles ninguna parte.Se salpimentan y se untan con el aceite. Se colocan sobre la parrilla del lado de la carne y se tapan con la hoja de plátano para que la carne se ahume parejo, se deja 5 minutos. Se asan por el lado de las escamas y se agrega un poco de jugo de limón y salsa de tomate."
    ],
    "servings": "Comen 5",
    "difficulty": "Fácil"
}