{
    "id": "00a7ac2aeccf4a79a8058c74ec80ea75",
    "name": "Ensalada principal de setas",
    "country": "Mexico",
    "time": "Total: 10' = 10' prep. + - coc.",
    "link": "https://www.recetas.com/receta-de-Ensalada-principal-de-setas-2483.html",
    "ingredients": [
        "250 gr. de setas crudas en trozos1 cebolla1 cda. de vinagre1 pizca de azúcar3 cdas. de aceite de olivaPimienta negra al gusto1 cda. de hierbas aromáticas al gusto (mejorana, laurel, tomillo, albahaca, etc.)Verduras frescas a gusto"
    ],
    "steps": [
        "En una ensaladera, mezcle las setas con la cebolla y las verduras de su preferencia.",
        "Aliñe con aceite de oliva, vinagre o jugo de limón y el azúcar. Condimente con las hierbas frescas picadas, sal y pimienta."
    ],
    "servings": "Comen 4",
    "difficulty": "Fácil"
}