{
    "id": "00ba130d332c4125ad47fb0dd4ddec8b",
    "name": "Corona navideña",
    "country": "Italia",
    "time": "Total: 17' = 10' prep. + 7' coc.",
    "link": "https://www.recetas.com/corona-navidena.html",
    "ingredients": [
        "Flores de 2 atados de brócoli1 diente de ajo1 pocillo de aceite de olivaSal y pimienta, a gusto250 gr. de tomatitos cereza"
    ],
    "steps": [
        "Cocinar las flores de brócoli al vapor, con un poquito de sal, durante 5 minutos.",
        "Retirarlas y saltearlas en aceite con el diente de ajo, que luego se retira. Salpimentar.Armar en una fuente la corona navideña, con las flores de brócoli y decorar con los tomatitos."
    ],
    "servings": "Comen 4",
    "difficulty": "Normal"
}