{
    "id": "00e32f56c7e74be4bd6aee0e87a502fb",
    "name": "One-Pan Smoky Chicken Tacos",
    "country": "mexico",
    "time": 35,
    "link": "https://www.hellofresh.com/recipes/one-pan-smoky-chicken-tacos-66bcf42fe0cd363400c27593",
    "ingredients": [
        "1 unitOnion",
        "1 unitLong Green Pepper",
        "¼ ounceCilantro",
        "1 unitTomato",
        "5 teaspoonWhite Wine Vinegar",
        "10 ounceChopped Chicken Breast",
        "1 tablespoonSouthwest Spice Blend",
        "1 unitChicken Stock Concentrate",
        "1 unitTomato Paste",
        "1.5 tablespoonSour Cream(Contains  Milk)",
        "1 teaspoonChipotle Powder",
        "6 unitFlour Tortillas(Contains  Soy, Wheat)",
        "¼ cupMonterey Jack Cheese(Contains  Milk)",
        "2 teaspoonSugar",
        "2 teaspoonOlive Oil",
        "Salt",
        "Pepper"
    ],
    "steps": [
        "• Wash and dry produce.\n• Halve and peel onion; thinly slice one\nhalf and finely chop remaining. Core,\ndeseed, and dice green pepper into\n1⁄2-inch pieces. Dice tomato. Roughly\nchop cilantro.",
        "• In a medium bowl, combine sliced\nonion, vinegar, 1 TBSP water, 2 tsp\nsugar, and salt (we used 1⁄2 tsp).\nStir until sugar and salt have mostly\ndissolved. Set aside to pickle, stirring\noccasionally, until ready to serve.",
        "• Heat a drizzle of olive oil in a large\npan over medium-high heat. Add\npork* and season with salt and\npepper. Cook, breaking up meat into\npieces, until browned and cooked\nthrough, 4-6 minutes.\n• Transfer to a plate and set aside.\nOpen package of chicken* and drain\noff any excess liquid. Swap in chicken\nor beef* for pork. (No need to break\nup chicken into pieces!)",
        "• Heat a drizzle of olive oil in same pan\nover medium-high heat. Add green\npepper and chopped onion; season\nwith salt and pepper. Cook, stirring,\nuntil softened, 3-4 minutes.\n• Return pork to pan along with\nSouthwest Spice Blend, stock\nconcentrate, half the tomato paste\n(all for 4 servings), and 1⁄4 cup water\n(1/3 cup for 4). Cook, scraping up any\nbrowned bits from bottom of pan,\nuntil mixture is thickened and saucy,\n1-2 minutes more.",
        "• While filling cooks, in a small bowl,\ncombine sour cream, a bit of onion\npickling liquid to taste (start with 1⁄4\ntsp and add more if desired), and a\npinch of chipotle powder (add more\nto taste if you like things spicy). Stir\nin water 1 tsp at a time until mixture\nreaches a drizzling consistency. Season\nwith salt and pepper.\n• Wrap tortillas in damp paper towels\nand microwave until warm and pliable,\n30 seconds.",
        "• Divide tortillas between plates; fill\nwith pork filling, tomato, Monterey\nJack, cilantro, pickled onion (draining\nfirst), and crema. TIP: Alternatively,\nput everything in individual serving\nbowls and let everyone assemble their\nown tacos!\nChicken is fully cooked when internal temperature reaches 165°."
    ],
    "servings": "2",
    "difficulty": "Easy"
}