{
    "id": "02045c9b19ea4c9f9dfbe002102f2d33",
    "name": "Gañotes de huevo",
    "country": "España",
    "time": "Total: 45' = 30' prep. + 15' coc.",
    "link": "https://www.recetas.com/receta-de-Ganotes-de-huevo-2137.html",
    "ingredients": [
        "6 huevos6 cdas. de azúcar6 cdas. de anis3 cdas. de aceiteHarina"
    ],
    "steps": [
        "Batir los huevos con el azúcar, el anís y el aceite.",
        "Ir agregando la harina poco a poco hasta que la masa tenga cuerpo.",
        "Estirar la masa y cortarla verticalemente. Cortar rectángulos y enrollarlos en algun palo o rollo, uniendo dos de sus vértices. Freír."
    ],
    "servings": "Comen 4",
    "difficulty": "Normal"
}