{
    "id": "0230aea75d1f48ef9a98ab8b440eb7cf",
    "name": "Espinacas a la genovesa",
    "country": "Italia",
    "time": "Total: 25' = 10' prep. + 15' coc.",
    "link": "https://www.recetas.com/espinacas-a-la-genovesa.html",
    "ingredients": [
        "1 kg de espinacas50 gr. de pasas50 gr. de piñones4 anchoas saladas1 cda. de perejil picadoAceite de oliva v. e.SalPimienta"
    ],
    "steps": [
        "Colocar las pasas en un recipiente con agua tibia, dejándolas durante un cuarto de hora en remojo. Colocar las espinacas en una olla y hervirlas solo un instante, sin agregar agua. Una vez cocidas, escurrirlas muy bien.",
        "En una cacerola calentar cuatro cucharadas de aceite, agregar las anchoas desaladas y picadas, mezclar y después de un par de minutos agregar las espinacas. Espolvorear con perejil fresco picado y mezclar.",
        "Agregar las pasas bien exprimidas, sazonar con sal y pimienta y dejar cocinar a fuego lento durante unos diez minutos. Poner las espinacas en una fuente y servir calientes o tibias."
    ],
    "servings": "Comen 4",
    "difficulty": "Normal"
}