{
    "id": "0241b611c973489cbfb0f003f2757f4b",
    "name": "Tarta de galletas y chocolate",
    "country": "España",
    "time": "Total: 35' = 25' prep. + 10' coc.",
    "link": "https://www.recetas.com/receta-de-Tarta-de-galletas-y-chocolate-6121.html",
    "ingredients": [
        "4 a 6 huevos100 gr. de mantequilla1/2 lt. de leche2 o 3 paquetes de galletas1 o 2 tabletas de chocolate (para fundir)Azúcar"
    ],
    "steps": [
        "Separar las claras de las yemas. Batir por separado; incorporar 5 cucharadas de azúcar a las claras y 5 a las yemas. Batir otra vez hasta que quede una preparación compacta.",
        "Poner al fuego un cazo con la leche, el chocolate y la mantequilla hasta que se derrita.Cuando esté el chocolate listo, incorporar las claras y mover bien.",
        "Agregar las yemas e integrar toda la preparación.",
        "En un molde enmantecado, ir colocando capas de galletas y de crema de chocolate, hasta terminar con la crema.",
        "Rallar un poco de chocolate por encima y espolvorear con frutos secos (opcional).",
        "Llevar a enfriar durante 1 hora minimamente."
    ],
    "servings": "Comen 7",
    "difficulty": "Normal"
}