{
    "id": "0252199bf4be4fe2a78f4c065c98d0bc",
    "name": "Budín níveo",
    "country": "Argentina",
    "time": "Total: 30' = 30' prep. + - coc.",
    "link": "https://www.recetas.com/receta-de-Budin-niveo-5006.html",
    "ingredients": [
        "Crema inglesa200 gr. de queso crema (el más cremoso)200 gr. de queso tipo Cottage200 cc. de crema ligeramente batida2 sobrecitos de gelatina sin sabor disuelta en agua"
    ],
    "steps": [
        "Preparación:Haga una crema inglesa. Agregue la gelatina y los queso mezclando suavemente.",
        "Una vez que la mezcla se enfríe, agregue la crema.",
        "Coloque la mezcla en una budinera de 1 litro y 1/2 y deje enfriar en heladera por lo menos 5 horas, preferentemente hasta el día siguiente.",
        "Desmolde y decore con frambuesas o frutilla. Puede servir con mermelada de frambuesas aligerada con vino blanco o jugo de naranjas."
    ],
    "servings": "Comen 4",
    "difficulty": "Fácil"
}