{
    "id": "03d741a0b1a147a3b29fd76344ccde97",
    "name": "Costillitas en salsa negra",
    "country": "Mexico",
    "time": "Total: 1 h & 15' = 15' prep. + 1 h coc.",
    "link": "https://www.recetas.com/receta-de-Costillitas-en-salsa-negra-1398.html",
    "ingredients": [
        "3 libras de costillitas de puerco1 bolsa de chile negroSal de ajo a gusto1/3 de taza de aceite1/2 taza de agua2 cdas. de consomé de res o puerco"
    ],
    "steps": [
        "En una cacerola, calentar el agua y la sal de ajo; agregar las costillitas de puerco y dejar hervir aproximadamente por media hora.",
        "En otra olla, poner los chilles a hervir con un poco de agua.Cuando estén listos, retirarlos y molerlos junto con el consomé y un poco del agua de la cocción, para lograr una salsa homogénea. Volcar la salsa en una cacerola con un poquito de aceite para que se fría.",
        "Cuando las costillitas estén cocidas, colocarlas en la olla de la salsa y dejarlas hervir por unos 10 minutos."
    ],
    "servings": "Comen 4",
    "difficulty": "Fácil"
}