{
    "id": "0585785a89cc41c080f13fcc49c2fe27",
    "name": "Cipollata",
    "country": "Italia",
    "time": "Total: 50' = 15' prep. + 35' coc.",
    "link": "https://www.recetas.com/cipollata.html",
    "ingredients": [
        "2 cebollas rojas4 tomates rojos1 cda. de vinagre500 ml. de caldo de verdurasAlbahacaAceite de oliva virgen extraSalPimienta"
    ],
    "steps": [
        "En una tabla cortar las cebollas rojas, siguiendo la dirección de la fibra.",
        "Poner la cebolla en rodajas en una olla grande y saltear durante unos minutos con aceite de oliva y sal. Calentar el caldo y, tan pronto como la cebolla estén ligeramente rehogadas, comenzar a añadirlo a la olla de a poco a la vez. Cocinar con este sistema durante unos 20 minutos: las cebolla deben ablandarse por completo.",
        "Transcurrido el tiempo de cocción de la cebolla, agregar los tomates rojos cortados en rodajas, la pimienta, la albahaca y el resto del caldo, cocer durante 15 minutos más. Servir caliente o tibia.",
        "Variante: Para una versión no vegetariana, se pueden agregar 3 o 4 anchoas picadas."
    ],
    "servings": "Comen 4",
    "difficulty": "Normal"
}