{
    "id": "06248770d3ee410ea38d6688d1e5afe2",
    "name": "Lomo at vermut con flan de zanahorias",
    "country": "Argentina",
    "time": "Total: 1 h & 10' = 20' prep. + 50' coc.",
    "link": "https://www.recetas.com/receta-de-Lomo-at-vermut-con-flan-de-zanahorias-6534.html",
    "ingredients": [
        "6 medallones de lomo de vaca 30 gr. de manteca3 cdas. de vermut1/2 taza de vino blanco 1 pote de crema de lecheSalPimienta Albahaca"
    ],
    "steps": [
        "Pulir y lavar las zanahorias, cortarlas en rodajas. Picar la cebollita de verdeo. Calentar la manteca y cocinar en ella la cebollita hasta que se haga transparente.Agregar las zanahorias en rodajas, sal, pimienta y nuez moscada y cubrirlas escasamente con agua. Tapar y cocinar durante unos 20 minutos o hasta que la zanahoria esté tierna.Licuarlas y añadir la crema de leche batida con los huevos. Echar la preparación en seis moldecitos enmantecados y ponerlos en una asadera con agua para cocinarlos en baño María, en horno moderado, durante media hora o hasta que prendan.",
        "Salpimentar los medallones de lomo y dorarlos en la manteca a fuego fuerte. Retirarlos y mantenerlos al calor.Agregar el vermut en la sartén y disolver el fondo de cocción raspando el fondo con la cuchara de madera, sobre calor suave.Agregar la crema de leche y cocinarla unos minutos, luego ligarla con la yema batida. Por último añadir un poco de albahaca picada.",
        "Servir los lomos con los flancitos y todo bañado con la salsa. Completar con arvejas o chauchas salteadas en manteca."
    ],
    "servings": "Comen 6",
    "difficulty": "Normal"
}