{
    "id": "0979d203574c4eaca0094a5ea657ae24",
    "name": "Pollo con ajos",
    "country": "España",
    "time": "Total: 2 h = 30' prep. + 1 h & 30' coc.",
    "link": "https://www.recetas.com/pollo-con-ajos.html",
    "ingredients": [
        "2 pollos cortados en presas2/3 de taza de aceite8 tallos de apio, cortados a lo largo4 cebollas picadas2 cdtas. de estragón seco1 ramo de perejil picado1 taza de vermut seco1 pizca de nuez moscada40 dientes de ajo, con pielSal y pimienta a gustoPreparación"
    ],
    "steps": [
        "Untar el pollo con aceite. Mezclar el apio con la cebolla y el estragón.",
        "Distribuirlos en una fuente de barro que pueda ir al horno. Cubrir con el perejil y sobre éste, acomodar las presas de pollo. Rociar con el vermut.",
        "Condimentar con sal, pimienta y nuez moscada. Agregar los dientes de ajo, cubrir con papel aluminio y después con la tapa. Cocinar en horno precalentado (caliente) unos 90 minutos.",
        "Distribuir en los platos el pollo con las verduras y los ajos. Acompañar con rodajas de pan caliente, para que cada comensal unte en ellas el ajo caliente."
    ],
    "servings": "Comen 8",
    "difficulty": "Normal"
}