{
    "id": "0a21ec777d134193bfeadfda042eab11",
    "name": "Croquetas de Pollo",
    "country": "Mexico",
    "time": "Total: 50' = 20' prep. + 30' coc.",
    "link": "https://www.recetas.com/receta-de-Croquetas-de-Pollo-1208.html",
    "ingredients": [
        "1/2 pechuga de pollo cocida1 cda. sopera de aceite  2 cdas. soperas de harina25 gr. de mantequilla1 y 1/2 vaso de leche1 o 2 huevos para rebozarHarinaPan rallado Aceite para freír"
    ],
    "steps": [
        "Preparación:",
        "Derretir en una sartén la cucharada de aceite y la mantequilla, agregar la harina y  revolver. Incorporar la leche y seguir revolviendo hasta que quede una salsa espesa.",
        "Añadir la pechuga cortada en pequeñas porciones y retirar del fuego cuando la carne de pollo se haya integrado y calentado.",
        "Volcar en una fuente y dejar enfriar.",
        "Dar forma a las croquetas y pasar por harina, huevo batido y pan rallado. Freír."
    ],
    "servings": "Comen 2",
    "difficulty": "Normal"
}