{
    "id": "0ad8b3a5a1cc4f13bbf9d13c76448cfd",
    "name": "Ensalada marina de arroz",
    "country": "Argentina",
    "time": "Total: 30' = 15' prep. + 15' coc.",
    "link": "https://www.recetas.com/receta-de-Ensalada-marina-de-arroz-4609.html",
    "ingredients": [
        "3 tazas de arroz hervido, frío1 kg. de merluza en trozos, sin piel 350 gr. de mejillones pelados 1 pimiento verde cortado en tiritas Perejil picado200 gr. de aceitunas negras descarozadas"
    ],
    "steps": [
        "Preparación:Hierva la merluza en agua salada durante 8 minutos. Deje enfriar.",
        "En un bol, mezcle el pescado en trozos, los mejillones, el ají, las aceitunas negras y el perejil.",
        "Bañe con el aderezo y sirva fría."
    ],
    "servings": "Comen 6",
    "difficulty": "Fácil"
}