{
    "id": "0cb49436cde64d528b226f053dfa488e",
    "name": "Ensalada completísima",
    "country": "Colombia",
    "time": "Total: 40' = 35' prep. + 5' coc.",
    "link": "https://www.recetas.com/receta-de-Ensalada-completisima-5455.html",
    "ingredients": [
        "Para la salsa:Mayonesa  2 das. de mostaza1 cda. de vinagreSal Jugo de limónCilantro finamente picado"
    ],
    "steps": [
        "Picar la lechuga delgada y ponerla en agua con un poco de sal y vinagre para que se limpie; cortar el jamón en cuadritos o como usted lo prefiera, poner a cocinar los huevos de codorniz (3 minutos); cuando estén cocidos pelarlos y dejar reposar. Picar la cebolla fina en rodajas, o mitades.",
        "Escurrir muy bien la lechuga.Poner aceite a calentar, cuando esté caliente, agregar las salchichas llaneras cortadas en pulpitos para que se doren un poco.",
        "Cuando estén listas las salchichas poner la lechuga en un bol junto con la cebolla, el jamón y los tomates cherry; revolver  todo y por último agregar las salchichas y los huevos.",
        "Acompañar con la salsa de mayonesa."
    ],
    "servings": "Comen 4",
    "difficulty": "Fácil"
}