{
    "id": "0f74339c6eff46b08ec5eed2a794594f",
    "name": "Soy-Glazed Hoisin Meatloaves",
    "country": "japan",
    "time": 35,
    "link": "https://www.hellofresh.com/recipes/soy-glazed-hoisin-meatloaves-65b15441f8a95d5728992751",
    "ingredients": [
        "6 ounceGreen Beans",
        "2 unitScallions",
        "10 ounceGround Beef",
        "¼ cupPanko Breadcrumbs(Contains  Wheat)",
        "2 tablespoonHoisin Sauce(Contains  Soy, Wheat)",
        "½ cupJasmine Rice",
        "4 tablespoonSweet Soy Glaze(Contains  Sesame, Soy, Wheat)",
        "2 tablespoonMayonnaise(Contains  Eggs)",
        "1 teaspoonSriracha",
        "6 ounceAsparagus",
        "Salt",
        "Pepper",
        "2 teaspoonCooking Oil"
    ],
    "steps": [
        "• Adjust rack to top position (top and\nmiddle positions for 4 servings) and\npreheat oven to 425 degrees. Wash and\ndry produce.\n• Trim and thinly slice scallions,\nseparating whites from greens. Trim\ngreen beans if necessary.\nTrim and discard woody bottom ends\nfrom asparagus. (Save green beans for\nanother use.)",
        "• In a small pot, combine rice, ¾ cup\nwater, and a pinch of salt (use a\nmedium pot and 1½ cups water for\n4 servings). Bring to a boil, then cover\nand reduce heat to low. Cook until rice is\ntender, 15-18 minutes.\n• Keep covered off heat until ready to serve.",
        "• While rice cooks, in a large bowl,\ncombine beef*, scallion whites, hoisin,\nand panko; season with salt (we used\n½ tsp; 1 tsp for 4 servings) and pepper.\n• Form beef mixture into two 1-inch-tall\nloaves (four loaves for 4). Place on one\nside of a lightly oiled baking sheet (for 4,\narrange meatloaves across entire sheet).\n• Roast on top rack for 5 minutes (you’ll\nadd more to the sheet then).",
        "• Once meatloaves have roasted for\n5 minutes, carefully remove baking sheet\nfrom oven. Brush tops of meatloaves\nwith sweet soy glaze.\n• On opposite side of sheet, toss green\nbeans and scallion greens with a drizzle\nof oil, salt, and pepper. (For 4 servings,\ntoss green beans on a second sheet.)\n• Roast on top rack until green beans are\ntender and browned and meatloaves\nare cooked through, 12-15 minutes more.\n(For 4, roast meatloaves on top rack and\ngreen beans on middle rack.)\nOnce meatloaves have roasted\n5 minutes, swap in asparagus for\ngreen beans; roast 10-12 minutes more.",
        "• Meanwhile, in a small bowl, combine\nmayonnaise and as much Sriracha as\nyou like. Add water 1 tsp at a time until\nyou reach a drizzling consistency.",
        "• Fluff rice with a fork.\n• Divide meatloaves, rice, and green\nbeans between plates in separate\nsections. Drizzle Sriracha mayo over\ngreen beans and serve.\nGround beef is fully cooked when internal temperature reaches 160°."
    ],
    "servings": "2",
    "difficulty": "Medium"
}