{
    "id": "0fbeef9765984aaea7131f9ddda3902a",
    "name": "Miso ramen",
    "country": "japan",
    "time": "Preparation and cooking time Prep: 10 mins Cook: 15 mins",
    "link": "https://www.bbcgoodfood.com/recipes/miso-ramen",
    "ingredients": [
        "5 tbsp miso paste",
        "2 tbsp soy sauce",
        "2.5cm piece ginger grated",
        "12 shiitake mushrooms",
        "225g smoked tofu cut into 4 slices",
        "2 tbsp liquid aminos or tamari",
        "250g soba noodles",
        "16 ears baby corn",
        "1 tbsp vegetable oil",
        "8 baby pak choi",
        "200g ready-to-eat beansprouts (if they’re not labelled ready-to-eat, cook thoroughly until steaming hot throughout)",
        "2 red chillies finely sliced on an angle",
        "2 spring onions finely sliced on an angle",
        "4 tbsp crispy seaweed",
        "2 tbsp black sesame seeds",
        "1 tbsp sesame oil to finish"
    ],
    "steps": [
        "step 1 Put the miso, 1.5 litres water, soy sauce, ginger and shiitake in a large saucepan . Stir to mix in the miso, then bring to a very gentle simmer. Keep simmering for 5 mins.",
        "step 2 Meanwhile, place the smoked tofu in a shallow bowl and pour over the liquid aminos. Turn the tofu slices over to make sure they are soaked well on both sides.",
        "step 3 Bring a pan of salted water to the boil. Add the soba noodles, bring back to the boil and cook until just tender, about 5 mins.",
        "step 4 Add the baby corn to the miso broth and cook for a further 4 mins.",
        "step 5 Meanwhile, heat the oil in a non-stick frying pan over a high heat. Lift the tofu from its bowl, shaking off the excess liquid aminos and saving it. Gently place the tofu in the frying pan and cook for 2-3 mins on each side until browned. Add the reserved liquid aminos to the pan (it will bubble up) and reduce to a glaze. Remove from the heat.",
        "step 6 As soon as the noodles are cooked, drain them in a colander and rinse under cold water, then divide between four serving bowls. Add the pak choi to the miso broth and remove from the heat.",
        "step 7 Divide the pak choi, baby corn and beansprouts between the bowls. Ladleover the miso broth and add the tofu. Garnish with the chillies, spring onions and crispy seaweed. Sprinkle with sesame seeds, drizzle over the sesame oil and serve straightaway."
    ],
    "servings": "Serves 4",
    "difficulty": "Easy"
}