{
    "id": "10141ebf80044a888fd9117f9a3121bd",
    "name": "Dulce criollo de zapallo",
    "country": "Argentina",
    "time": "Total: 2 h & 37' = 2 h & 7' prep. + 30' coc.",
    "link": "https://www.recetas.com/dulce-criollo-de-zapallo.html",
    "ingredients": [
        "1 kg. de zapallo del tipo Angola3/4 kg. de azúcar molida Alcohol fino para cubrir 1 chaucha de vainilla"
    ],
    "steps": [
        "Lavar el zapallo, cortarlo en trozos chicos, ponerlos en un recipiente y cubrirlo con alcohol fino. Dejarlo macerar 24 horas para que el zapallo tome cuerpo.",
        "Preparar un almíbar liviano con partes iguales de azúcar y agua. Agregar la chaucha e incorporar el zapallo bien escurrido. Dejar cocinar a fuego suave hasta que el almíbar tome punto de hilo fuerte y el zapallo quede translúcido, cocido, firme por fuera y tierno por dentro.",
        "Dejar enfriar en el recipiente."
    ],
    "servings": "Comen 8",
    "difficulty": "Normal"
}