{
    "id": "103e613ab1b5499db3e721e20e877a53",
    "name": "Osobuco a la milanesa",
    "country": "Italia",
    "time": "Total: 1 h & 40' = 10' prep. + 1 h & 30' coc.",
    "link": "https://www.recetas.com/osobuco-a-la-milanesa.html",
    "ingredients": [
        "2 rodajas de osobuco de ternera con hueso central",
        "1 cebolla",
        "1 zanahoria",
        "un tallo de apio",
        "40 gr. de mantequilla",
        "1/2 vaso de vino blanco seco",
        "1 cdt.a de extracto de tomate",
        "1 hoja de laurel",
        "Caldo de carne",
        "Harina",
        "Sal",
        "Pimienta"
    ],
    "steps": [
        "Picar finamente la cebolla, la zanahoria y el apio casi hasta obtener una crema.  Poner la mantequilla y la hoja de laurel en una sartén grande y dejar que se derrita junto con la cebolla picada, la zanahoria y el apio durante 2 minutos.",
        "Enharinar los osobucos por todos lados, colocarlos en la sartén con el sofrito y dejar que se doren a fuego alto por ambos lados durante un par de minutos.",
        "Finalmente, agregar sal, pimienta y desglasar con el vino. Dejar evaporar a fuego alto el alcohol del vino, luego añadir un cucharón de caldo, bajar el fuego, tapar y dejar cocinar una media hora aproximadamente y agregar la pasta de tomate.",
        "Por último, añadir otro cucharón de caldo, tapar y cocinar durante 1 hora más aproximadamente hasta que la carne se ablande, teniendo cuidado de que no se despegue del hueso. Si el líquido de cocción aún es demasiado, reservar la carne al calor y dejar que la salsa espese al fuego.",
        "Para preparar la gremolada, rallar finamente la piel del limón, con cuidado de no rallar la parte blanca y picar muy fino el perejil junto con los ajos. Mezclar todo bien en un bol.",
        "Cuando la carne esté lista servirla caliente junto con el líquido de cocción, con un poco de la gremolada."
    ],
    "servings": "Comen 2",
    "difficulty": "Normal"
}