{
    "id": "12a57e6e363d495ea494da8d2bf81e1e",
    "name": "Pizza fiambre",
    "country": "Argentina",
    "time": "Total: 40' = 10' prep. + 30' coc.",
    "link": "https://www.recetas.com/receta-de-Pizza-fiambre-4536.html",
    "ingredients": [
        "1 disco de masa comprada 250 gr. de ricotta1 latita chica de atún 2 cdas. de cebollín picado (o 1 cda de cebolla rallada)1 cda. de perejil picadoSalPimienta1 huevo 1 taza de salsa de tomates para pizza (tomates triturados, ajo y orégano)Orégano en polvoQueso mantecoso"
    ],
    "steps": [
        "Preparación:Extender la masa en una pizzera mediana, enmantecada.",
        "Poner en un bol la ricotta, el atún desmenuzado, sin aceite, el huevo, sal, pimienta, cebollín y perejil.",
        "Extender dentro de la tarta. Hornear.",
        "Retirar cubrir con la salsa, espolvorear con orégano, distribuir el queso en porciones, volver al horno y calentar bien.",
        "Sevir."
    ],
    "servings": "Comen 6",
    "difficulty": "Fácil"
}