{
    "id": "14cb984a470f45d8a4f73a6d133b9bef",
    "name": "Gambas a la catalana",
    "country": "España",
    "time": "Total: 25' = 15' prep. + 10' coc.",
    "link": "https://www.recetas.com/gambas-a-la-catalana.html",
    "ingredients": [
        "Cantidad para 4 personas",
        "500 gr. de gambas o langostinos",
        "200 gr. de tomates cherry",
        "100 gr. de cebolla morada",
        "Un puñado de rúcula",
        "Aceite de oliva virgen extra",
        "Vinagre de vino (opcional)",
        "Sal",
        "Pimienta (opcional)"
    ],
    "steps": [
        "Lavar las gambas y saltearla con toda la costra en una sartén con un chorrito de aceite de oliva virgen extra.",
        "Tapar y cocinar a fuego lento durante 10 minutos. El tiempo depende del tamaño de los mariscos.",
        "Mientras tanto, cortar la cebolla en aros y luego por la mitad; sumergirla en agua fría con vinagre y dejar en remojo.",
        "Dejar enfriar las gambas. Pelarlas y reservarlas.",
        "Por último, lavar los tomates cherry, cortarlos en 4 partes, sazonar con aceite y sal. Agregar la rúcula y mezcla bien.",
        "Escurrir bien la cebolla y añadirla a la ensalada de tomates cherry.",
        "Incorporar las gambas, sazonar con otro chorrito de aceite, sal solo si es necesario y una pizca de pimienta al gusto. Colocar en el frigorífico durante 10 minutos antes de servir."
    ],
    "servings": "Comen 4",
    "difficulty": "Normal"
}