{
    "id": "1655fc3f278a414899af2cd2f4132fbe",
    "name": "Bacalao con salsa de pimiento y marisco",
    "country": "España",
    "time": "Total: 40' = 20' prep. + 20' coc.",
    "link": "https://www.recetas.com/bacalao-con-salsa-de-pimiento-y-marisco.html",
    "ingredients": [
        "600 gr. de bacalao fresco en rodajas250 gr. de berberechos cocidos3 o 4 pimientos verdes1 cebolleta1 diente de ajo2 guindillas de cayenaHarinaAceite Sal"
    ],
    "steps": [
        "En una cazuela con un chorro de aceite caliente, pochar los pimientos verdes, la cebolleta y las guindillas, todo picado.",
        "Dejarlo rehogar e incorporar un vaso de agua. Cocer destapado unos 20 minutos pare que se reduzca, pasar por el pasapuré y reservar.",
        "En otra sartén con aceite, freír los ajos enteros sin pelar. Añadir las rodajas de bacalao sazonadas y enharinadas y freírlas unos tres minutos por cada lado Escurrir y reservar.",
        "Colocar la salsa de pimientos verdes en el fondo de una fuente y agregar encima el pescado y los ajos fritos. Añadir los berberechos cocidos al vapor y servir."
    ],
    "servings": "Comen 4",
    "difficulty": "Normal"
}