{
    "id": "1724e8d36cb64901b963b118935bc86b",
    "name": "Bizcocho de yogurt",
    "country": "España",
    "time": "Total: 1 h & 30' = 30' prep. + 1 h coc.",
    "link": "https://www.recetas.com/receta-de-Bizcocho-de-yogurt-2135.html",
    "ingredients": [
        "3 huevos 1 yogurt natural o de limón 1 vaso de azúcar 2 vasos de harina 1 cda. de aceite Mantequilla1 sobre de levadura"
    ],
    "steps": [
        "Batir los huevos con el azúcar.",
        "Agregar de a poco el yogurt y seguir removiendo.",
        "Añadir el aceite y luego, de a poco, la harina mezclada con la levadura.",
        "Enmantecar una fuente y allí echar la preparación.",
        "Hornear a 260ºC durante 1 hora aproximadamente."
    ],
    "servings": "Comen 5",
    "difficulty": "Normal"
}