{
    "id": "1725c8d869df4ce8817109b180905dac",
    "name": "Macedonia con salsa helada",
    "country": "Peru",
    "time": "Total: 20' = 20' prep. + - coc.",
    "link": "https://www.recetas.com/receta-de-Macedonia-con-salsa-helada-4041.html",
    "ingredients": [
        "1 lata de leche condensadaFrutas a gusto cortadas en trozos pequeñosGrageas de coloresYogurt o helado"
    ],
    "steps": [
        "Lavar las frutas, secarlas bien y cortarlas en trozos pequeños. Dejar en la heladera hasta el momento de servir.",
        "Licuar la leche condensada con yogurt o helado a gusto.",
        "Distribuir las frutas en copas, salsear con la crema preprada y adornar con grageas o frutillas.",
        "Servir bien frío."
    ],
    "servings": "Comen 4",
    "difficulty": "Fácil"
}