{
    "id": "182f146d4daa44a48fab15df64da5d68",
    "name": "Posta sudada en salsa de panela",
    "country": "Colombia",
    "time": "Total: 2 h & 30' = 1 h & 30' prep. + 1 h coc.",
    "link": "https://www.recetas.com/receta-de-Posta-sudada-en-salsa-de-panela-5256.html",
    "ingredients": [
        "2 lb. de carne de posta de res1 cebolla cabezona picada1 tallo de cebolla picado1 cebolla roja picada1 pimentón rojo picado3 dientes de ajoSalPimientaComino 1 chorrito de salsa negra1 chorrito de aceiteAgua  1 cda. de panela rallada1 cda. de dulce quemado1 cda. de mantequilla2 cdas. de harina de trigo"
    ],
    "steps": [
        "Desde la víspera, cubra la posta con el pimentón, ajos, cebolla y los condimentos.Al día siguiente, retire la posta de la marinada y licúe la marinada con la salsa negra.",
        "En una sartén grande con aceite, sofría la posta hasta dorarla, unos cinco minutos por cada lado.Luego, en una olla de presión, cocínela con el agua y la marinada hasta que se ablande: el tiempo que toma este procedimiento es de 1 hora aproximadamente después de que pite.Retire del fuego, saque la posta y reserve. Licúe los jugos de la cocción con la panela y el dulce quemado, cuidando que esta mezcla no vaya a quedar muy oscura, luego cuele.En una sartén a fuego medio, derrita la mantequilla y dore la harina de trigo, agregue la mezcla de panela y deje cocinar hasta que espese y tome consistencia de salsa.Taje la posta y sírvala con salsa caliente previamente preparada."
    ],
    "servings": "Comen 4",
    "difficulty": "Normal"
}