{
    "id": "1974c0b50c364921b8096f9bec47b514",
    "name": "Trenza en la parrilla",
    "country": "Argentina",
    "time": "Total: 50' = 20' prep. + 30' coc.",
    "link": "https://www.recetas.com/trenza-en-la-parrilla.html",
    "ingredients": [
        "500 gr. de lomo de ternera500 gr. de solomillo de cerdoHilo de cocina"
    ],
    "steps": [
        "Desgrasar y cortar el lomo y el solomillo en tiras de 2 cm de lado. Trenzar la carne de a tres tiras, atarlas para que mantengan la forma y fijar los extremos con un palillo. Espolvorear con la pimienta, la sal gruesa y cocinar en la parrilla dorando por todos sus lados y hasta lograr el punto de cocción deseado; aproximadamente unos 30 minutos, dependiendo del grosor de la trenza.",
        "Para el chimichurri: mezclar el ajo con el cilantro, el perejil y la albahaca picados. Integrar con el aceite de oliva, la sal y la pimienta negra molida. Acompañar la trenza con este chimichurri y la guarnición deseada."
    ],
    "servings": "Comen 4",
    "difficulty": "Normal"
}