{
    "id": "19a778b5137e441f9315e602440395a2",
    "name": "Spaghettis con salsa de tomate",
    "country": "Mexico",
    "time": "Total: 20' = 5' prep. + 15' coc.",
    "link": "https://www.recetas.com/receta-de-Spaghettis-con-salsa-de-tomate-1828.html",
    "ingredients": [
        "2 paquetes de spaghetti1 cebolla pequeña1 y 1/2 cdas. de caldo de pollo en polvo2 cajitas (o latas) de puré de tomateSalPimientaAceiteQueso parmesano rallado (optativo)"
    ],
    "steps": [
        "Preparación:",
        "En una sartén con un chorrito de aceite, dorar la cebolla picada. Una vez lista, agregar el puré de tomate junto con el caldo de pollo. Dejar hervir por 5 minutos y bajar el fuego. Agregar sal y pimienta a gusto.",
        "Aparte, en una olla con abundante agua salada, hervir los spaghetti hasta que estén al dente. Colar y echarlos nuevamente en la olla. Agregar la salsa y mezclar bien.Servir bien calientes y acompañar con queso rallado."
    ],
    "servings": "Comen 8",
    "difficulty": "Normal"
}