{
    "id": "1a8b616fa498423c844f92043e82bff1",
    "name": "Caponata con pez espada",
    "country": "Italia",
    "time": "Total: 35' = 20' prep. + 15' coc.",
    "link": "https://www.recetas.com/caponata-con-pez-espada.html",
    "ingredients": [
        "400 gr. de berenjenas 300 gr. de tomates maduros200 gr. de pez espada 150 gr. de cebollas rojas 200 gr. de apio50 gr. de almendras peladas 1 diente de ajoMenta fresca3 cdas de aceite de oliva v. e.50 ml de vinagre 50 ml de vino blanco 50 gr. de azúcar"
    ],
    "steps": [
        "Lavar las verduras, quitar la cáscara de la mitad de las berenjenas, cortar las cebollas y el apio en trozos pequeños y regulares, blanquear durante unos segundos y dejar enfriar con agua y hielo.",
        "En una cacerola preparar una salsa agridulce: hervir el vinagre, el azúcar y el vino y reducir durante unos 5 minutos.",
        "Calentar una sartén antiadherente, cortar las berenjenas en cubos pequeños y saltear con el ajo en la mitad del aceite a fuego suave.",
        "En otra sartén saltear los tomates cortados en cubitos.",
        "Cortar el pez espada en trozos pequeños y saltear con el aceite restante, en una sartén a fuego alto en una cocción rápida y viva.",
        "Tostar las almendras. Combinar todos los ingredientes en un tazón y bañarlos con la salsa agridulce, agregar la menta fresca, mezclar y servir."
    ],
    "servings": "Comen 4",
    "difficulty": "Normal"
}