{
    "id": "1b82eba436034d51b8a67f2c5eaf98d6",
    "name": "Budín de hongos y jamón",
    "country": "Argentina",
    "time": "Total: 1 h & 35' = 20' prep. + 1 h & 15' coc.",
    "link": "https://www.recetas.com/receta-de-Budin-de-hongos-y-jamon-5128.html",
    "ingredients": [
        "100 gr. de manteca5 huevos100 gr. de queso semiduro 125 gr. de crema de leche 100 gr. de harinaSal Pimienta TomilloRomero 100 gr. de jamón crudo 150 gr. de de champiñones2 cdas. de sémola"
    ],
    "steps": [
        "Ablandar la manteca sobre calor suave, mezclarla con las yemas, el queso rallado, la crema de leche, la harina, sal y pimienta.",
        "Saltear los champiñones en tajadas (o enteros si son pequeños) en 1 cda. de manteca.",
        "Cortar el jamón en daditos y agregar junto con los champiñones a la preparación anterior. Aromar con tomillo y romero. Untar con manteca budinera y espolvorearla con sémola.",
        "Echar la preparación en ella, cubrir con papel de aluminio y cocinar a baño María, una hora y cuarto aproximadamente.Dejar reposar el budín fuera del bañomaría durante unos minutos y desmoldarlo.",
        "Mientras se cocina el budín preparar, una bechamel, alivianarla con la crema de leche, aderezarla y aromarla con hierbas frescas picadas.Bañar el budín con la salsa y servirlo."
    ],
    "servings": "Comen 6",
    "difficulty": "Normal"
}