{
    "id": "1bc558f5080a4854846407ccdf7f9d9b",
    "name": "Pollo hervido con verduras",
    "country": "Uruguay",
    "time": "Total: 30' = 10' prep. + 20' coc.",
    "link": "https://www.recetas.com/receta-de-Pollo-hervido-con-verduras-1235.html",
    "ingredients": [
        "2 patatas medianas2 zanahorias125 gr. de judías verdes1/2 nabo1 puerro2 hojas de acelga2 hojas de lechuga1 calabacín pequeño1 alita de pollo1 muslo y un contramuslo1/2 lt. de agua"
    ],
    "steps": [
        "Preparación:",
        "Llevar una olla con agua al fuego y cuando hierva, incorporar las verduras peladas y partidas.",
        "Cuando lleven diez minutos hirviendo, añadir el pollo y una pizca de sal y dejar que se cocine unos 10 minutos más."
    ],
    "servings": "Comen 2",
    "difficulty": "Fácil"
}