{
    "id": "1c06af94ed3542548f338e4b35763123",
    "name": "Beef, Apricot & Chickpea Tagine",
    "country": "south-africa",
    "time": 30,
    "link": "https://www.hellofresh.com/recipes/beef-apricot-chickpea-tagine-636aed324024ba686e071dd4",
    "ingredients": [
        "1 unitZucchini",
        "1 unitYellow Onion",
        "1 cloveGarlic",
        "¼ ounceParsley",
        "1 unitLemon",
        "1 unitJalapeño",
        "1 unitChickpeas",
        "½ cupBasmati Rice",
        "2 unitVeggie Stock Concentrate",
        "3 tablespoonSour Cream(Contains  Milk)",
        "1 tablespoonTunisian Spice Blend",
        "½ ounceSliced Almonds(Contains  Tree Nuts)",
        "1 ounceDried Apricots",
        "1 teaspoonHot Sauce",
        "10 ounceGround Beef",
        "2 tablespoonOlive Oil",
        "2 tablespoonButter(Contains  Milk)",
        "Salt",
        "Pepper",
        "4 teaspoonCooking Oil"
    ],
    "steps": [
        "• Wash and dry produce.\n• Halve, peel, and dice onion. Mince parsley.\nPeel and mince or grate garlic. Zest and\nhalve lemon. Mince jalapeño, removing\nribs and seeds for less heat. Trim and\nhalve zucchini lengthwise; cut crosswise\ninto ½-inch-thick half-moons. Drain and\nrinse chickpeas.",
        "• Heat a drizzle of oil in a small pot over\nmedium-high heat. Add ¼ of the onion;\ncook, stirring, until just softened, 2-3 minutes.\n• Stir in rice, ¾ cup water (1½ cups for\n4 servings), half the stock concentrates, and\na pinch of salt. Bring to a boil, then cover\nand reduce to a low simmer. Cook until rice\nis tender, 15-18 minutes.\n• Keep covered off heat until ready to serve.\nHeat a drizzle of oil in a large pan over\nmedium-high heat. Add beef or turkey\nand season with salt and pepper.\nCook, breaking up meat into pieces,\nuntil browned and cooked through,\n4-6 minutes. Turn off heat; transfer to a\nplate. Wipe out pan.",
        "• While rice cooks, in a small bowl, combine\nparsley, 2 TBSP olive oil (3 TBSP for\n4 servings), a pinch of garlic, salt, and\npepper. Add lemon juice to taste and as\nmuch jalapeño as you like. Taste and add\nmore garlic if desired.\n• In a separate small bowl, combine sour\ncream, a pinch of salt, and as much lemon\nzest as you like. Add water 1 tsp at a time\nuntil mixture reaches a drizzling consistency.",
        "• Heat a large drizzle of oil in a large pan\nover medium-high heat. Add zucchini\nand remaining onion. Cook, stirring, until\nsoftened and lightly browned, 5-7 minutes\n(7-10 minutes for 4 servings).\n• Add Tunisian Spice Blend, remaining\ngarlic, and a big pinch of salt. Cook, stirring,\nuntil fragrant, 1-2 minutes.\nUse pan used for beef or turkey here.",
        "• Add 1⁄3 cup water (2⁄3 cup for 4 servings)\nand remaining stock concentrates to pan\nwith veggies.\n• Stir in chickpeas and bring tagine to a low\nsimmer. Cook until liquid has slightly\nreduced, 1-2 minutes.\n• Reduce heat to low; stir in 1 TBSP butter\n(2 TBSP for 4) until melted. Season with salt\nand pepper.",
        "• Fluff rice with a fork; stir in 1 TBSP butter\n(2 TBSP for 4 servings). Season with salt\nand pepper.\n• Divide rice between plates and top with\ntagine, almonds, and apricots. (TIP: Toast\nalmonds before adding if you like.) Drizzle\nwith lemon crema and chermoula. Drizzle\nwith hot sauce if desired. Cut any remaining\nlemon into wedges and serve on the side.\nServe beef or turkey atop rice.\nGround Beef is fully cooked when internal temperature\nreaches 160°."
    ],
    "servings": "2",
    "difficulty": "Medium"
}