{
    "id": "1ca1f1540b2e440a8d93e309be7dffa2",
    "name": "One-Pan Bean & Pepper Lettuce Wraps",
    "country": "mexico",
    "time": 30,
    "link": "https://www.hellofresh.com/recipes/one-pan-bean-and-pepper-lettuce-wraps-66ba4ce37b6540253bf694e6",
    "ingredients": [
        "1 unitTomato",
        "3 unitRadishes",
        "2 unitScallions",
        "¼ ounceCilantro",
        "5 teaspoonWhite Wine Vinegar",
        "1 unitLong Green Pepper",
        "1 unitBlack Beans",
        "1 unitBaby Lettuce",
        "1 unitTex-Mex Paste",
        "½ cupMexican Cheese Blend(Contains  Milk)",
        "3 tablespoonSour Cream(Contains  Milk)",
        "4 tablespoonGuacamole",
        "¼ cupMonterey Jack Cheese(Contains  Milk)",
        "1 tablespoonButter(Contains  Milk)",
        "Salt",
        "Pepper"
    ],
    "steps": [
        "• Wash and dry produce.\n• Finely dice tomato. Trim and finely dice radishes. Trim\nand thinly slice scallions, separating whites from greens.\nRoughly chop cilantro. Core, deseed, and dice green\npepper into 1⁄2-inch pieces. Drain and rinse beans. Trim\nand discard root end from lettuce; separate leaves.",
        "• In a medium bowl, combine tomato, radishes, scallion\ngreens, half the cilantro, and 1 tsp vinegar (2 tsp for\n4 servings). (Reserve remaining vinegar for another use.)\nSeason generously with salt and pepper.",
        "• Heat 1 TBSP butter (2 TBSP for 4 servings) in a large pan\nover medium-high heat. Add green pepper, scallion\nwhites, and a big pinch of salt. Cook, stirring occasionally,\nuntil softened, 3-4 minutes.\n• Stir in beans, Tex-Mex paste, and 2 TBSP water (4 TBSP\nfor 4). Cook until beans are warmed through and water\nhas absorbed, 2-3 minutes.\n• Stir in Mexican cheese blend until melted (save the\nMonterey Jack for serving).",
        "• Divide lettuce leaves between plates. Fill with bean\nfilling. Top with salsa, sour cream, guacamole, Monterey\nJack, and remaining cilantro. Serve."
    ],
    "servings": "2",
    "difficulty": "Medium"
}