{
    "id": "1d2141814912479ab90de026c1a5b7b1",
    "name": "Costeleta ancha a la parrilla",
    "country": "Argentina",
    "time": "Total: 40' = 10' prep. + 30' coc.",
    "link": "https://www.recetas.com/receta-de-Costeleta-ancha-a-la-parrilla-1489.html",
    "ingredients": [
        "8 costeletas de vaca 3 ajíes amarillos en vinagre2 morrones coloradosAjo y perejil para provenzalSalsa chimichurri"
    ],
    "steps": [
        "Salar las costeletas y colocarlas a la parrilla bien caliente, con fuego moderado.",
        "A los 10 minutos, dar vuelta y colocarle encima los morrones, ajíes y demás condimentos.",
        "Dejar cocinar nuevamente, la cantidad de tiempo necesaria según el punto deseado de cocción.Servir acompañado con salsa chimichurri."
    ],
    "servings": "Comen 4",
    "difficulty": "Normal"
}