{
    "id": "1dd1fbb8a1c4431dab2f2a6d7ab3e6f0",
    "name": "Pasion",
    "country": "Mexico",
    "time": "Total: 3' = 3' prep. + - coc.",
    "link": "https://www.recetas.com/receta-de-Pasion-2261.html",
    "ingredients": [
        "2 oz. de vodka2 oz. de puré o concentrado de maracuyá1 oz. de licor de mango2 oz. de jugo de piña2 oz. de jugo de naranja"
    ],
    "steps": [
        "Poner los ingredientes en orden en un shaker con mucho hielo.Agitar por 10 segundos y servir en copa martinera preferentemente o en vaso largo."
    ],
    "servings": "Comen 1",
    "difficulty": "Normal"
}