{
    "id": "1e1faa4a8eaa4f2195b01e344a6cff34",
    "name": "Ragout de cerdo al limón",
    "country": "Italia",
    "time": "Total: 1 h & 45' = 15' prep. + 1 h & 30' coc.",
    "link": "https://www.recetas.com/ragout-de-cerdo-al-limon.html",
    "ingredients": [
        "800 gr. de pechito de cerdo700 gr. de bondiola de cerdo2 cdas. de aceite1 cda. de mantequilla2 dientes de ajo1 cebollaTomilloLaurel300 gr. de perejil2 limones"
    ],
    "steps": [
        "Corte los dos trozos de cerdo en porciones, dórelas en la mezcla de mantequilla y aceite.",
        "Agregue luego el ajo y la cebolla picados gruesos, dos briznas de tomillo y dos hojas de laurel, sal y pimienta.",
        "Cueza una hora y cuarto a fuego suave; incorpore luego los limones sin pelar cortados en dados y el perejil en ramitos. Cueza 15 minutos más y sirva."
    ],
    "servings": "Comen 6",
    "difficulty": "Normal"
}