{
    "id": "1e2a8ddc2220474784ab1aa5dbca1392",
    "name": "Bombones de crema de chocolate",
    "country": "Argentina",
    "time": "Total: 1 h = 40' prep. + 20' coc.",
    "link": "https://www.recetas.com/receta-de-Bombones-de-crema-de-chocolate-3721.html",
    "ingredients": [
        "250 gr. de chocolate"
    ],
    "steps": [
        "Preparación:",
        "Calentar la crema. Luego retirarla del fuego y añadirle el azúcar y el chcolate.Removerlo hasta obtener una crema fina y dejarla enfriar para que se solifique.Por otro lado fundir el chocolate con leche en el microondas o al baño María.",
        "Formar bolitas con la crema de chocolate, del tamaño de una canica, y bañarlas en el chocolate con leche.",
        "Dejarlas en el refrigerador durante 2 ó 3 horas."
    ],
    "servings": "Comen 4",
    "difficulty": "Fácil"
}