{
    "id": "1e55216ce42d474bb20c42d90dcfd4af",
    "name": "Salmon sushi salad",
    "country": "japan",
    "time": "Preparation and cooking time Prep: 15 mins Cook: 10 mins",
    "link": "https://www.bbcgoodfood.com/recipes/salmon-sushi-salad",
    "ingredients": [
        "100g sushi rice",
        "50g frozen edamame beans",
        "1 tbsp sesame oil",
        "1 sheet nori torn",
        "handful pomegranate seeds",
        "50g smoked salmon cut into bite-sized slices",
        "1 small avocado stoned, peeled and sliced",
        "1 tsp black sesame seeds",
        "sushi ginger to serve (optional)",
        "1 tsp vegetable oil",
        "2 tsp pomegranate molasses",
        "1 tsp soy sauce"
    ],
    "steps": [
        "step 1 Rinse the sushi rice really well and put in a small saucepan covered with 200ml cold water. Bring to the boil, then simmer for 10 mins with the lid on. Remove from the heat and keep the lid on for 15 mins before transferring to a serving bowl.",
        "step 2 Meanwhile, pour boiling water over the edamame and leave to defrost until the rice is cooked. To make the dressing, combine all the ingredients, then set aside.",
        "step 3 Heat the sesame oil in a non-stick pan and add the nori. Cook for 1-2 mins on a medium heat until crisp.",
        "step 4 To assemble the salad, drain the edamame, then tip onto the rice along with the pomegranate seeds and salmon. Fan out the avocado slices on top and sprinkle over the black sesame seeds. Drizzle over the dressing and top with slices of sushi ginger, if you like."
    ],
    "servings": "Serves 1",
    "difficulty": "Easy"
}