{
    "id": "20be93a7e5ab48f6a2a4a7598d3d2934",
    "name": "Buñuelos colombianos",
    "country": "Colombia",
    "time": "Total: 55' = 40' prep. + 15' coc.",
    "link": "https://www.recetas.com/bunuelos-colombianos.html",
    "ingredients": [
        "2 tazas de queso semiduro2 tazas de harina de maíz1 cucharada de almidón de yuca (mandiocaa)1/2 taza de leche1 cdta. de azúcar2 huevos1 cda. de polvo de hornear1 pizca de salAceite para freír"
    ],
    "steps": [
        "En un bol, rallar el queso finamente.",
        "Agregar los ingredientes sólidos y mezclar muy bien.",
        "Por último, incorporar los huevo y la leche poco a poco. Se debe obtener una masa firme ni demasiado blanda ni demasiado dura. Dejar reposar durante 30 minutos",
        "Transcurrido el tiempo, con las manos ligeramente humedecidas, forman pequeñas bolitas de tamaño parejo y freírlas en el aceite caliente a 100 grados hasta que estén doradas.",
        "Retirarlas y dejar escurrirlos en papel absorbente. Servir inmediatamente.",
        "Nota: El éxito al preparar los buñuelos esta en la temperatura del aceite para freírlos, no debe estar ni muy caliente, ni muy frío; para ello probar con una pequeña bolita de masa, si se hunde y tarda en levantarse, el aceite está muy frío; si por el contario, sube inmediatmente a la superficie, el aceite está muy caliente."
    ],
    "servings": "Comen 8",
    "difficulty": "Normal"
}