{
    "id": "211fd6d59d8145d2bdc0a58e73f56029",
    "name": "Smashed Black Bean & Chicken Tostadas",
    "country": "mexico",
    "time": 35,
    "link": "https://www.hellofresh.com/recipes/smashed-black-bean-and-chicken-tostadas-66eb221b8e45e3ca00862be6",
    "ingredients": [
        "1 unitOnion",
        "1 unitTomato",
        "¼ ounceCilantro",
        "1 unitLime",
        "1 unitLong Green Pepper",
        "1 unitBlack Beans",
        "3 tablespoonSour Cream(Contains  Milk)",
        "6 unitFlour Tortillas(Contains  Soy, Wheat)",
        "1 tablespoonSouthwest Spice Blend",
        "1 unitTex-Mex Paste",
        "½ cupMexican Cheese Blend(Contains  Milk)",
        "10 ounceChopped Chicken Breast",
        "Salt",
        "Pepper",
        "Cooking Oil",
        "Olive Oil",
        "Butter(Contains  Milk)"
    ],
    "steps": [
        "• Adjust rack to top position (top and middle\npositions for 4 servings) and preheat oven\nto 450 degrees. Wash and dry produce.\n• Halve, peel, and thinly slice onion; mince a\nfew slices until you have 2 TBSP (4 TBSP for 4).\nDice tomato. Roughly chop cilantro. Quarter\nlime. Halve, core, and thinly slice green\npepper into strips. Drain and rinse beans.\n• In a small bowl, combine minced onion,\ntomato, half the cilantro, and a squeeze of\nlime juice. Season with salt and pepper.\n• In a separate small bowl, combine sour\ncream with a squeeze of lime juice.\nSeason with salt and pepper. Stir in water\n1 tsp at a time until mixture reaches a\ndrizzling consistency.",
        "• Heat a drizzle of oil in a large pan over\nmedium-high heat. Add green pepper,\nsliced onion, and half the Southwest Spice\nBlend (you’ll use the rest in the next step).\nCook, stirring occasionally, until lightly\ncharred and softened, 5-7 minutes. Season\nwith salt and pepper. Turn off heat; transfer\nto a plate.\nBefore cooking veggies, open package\nof chicken* and drain off any excess\nliquid. Heat a drizzle of oil in a large pan\nover medium-high heat. Add chicken\nor beef*; season with salt and pepper.\nCook, stirring frequently, until lightly\nbrowned, 3-5 minutes (it will cook\nthrough in Step 5). Turn off heat; transfer\nto a plate. Drain any excess grease from\npan, then cook through the rest of this\nstep as instructed.",
        "• Heat pan used for veggies over medium-high\nheat. Add beans, Tex-Mex paste, remaining\nSouthwest Spice Blend, and 1⁄4 cup water\n(1/3 cup for 4 servings). Bring to a simmer and\ncook, stirring occasionally, until liquid has\nmostly evaporated, 3-4 minutes.\n• Remove from heat; gently mash beans with\na potato masher or back of a spoon. Stir in\n1 TBSP butter (2 TBSP for 4) until melted.\n(TIP: If mixture is too thick, stir in a splash of\nwater.) Season with salt and pepper.",
        "• Drizzle tortillas with 1 TBSP olive oil (2 TBSP\nfor 4 servings); brush or rub to coat all over.\nArrange on a baking sheet in a single layer\n(divide between 2 sheets for 4). Gently prick\neach tortilla in a few places with a fork.\n• Bake on top rack, flipping halfway through,\nuntil lightly golden, 4-5 minutes per side.\n(For 4, bake on top and middle racks;\nflipping tortillas and swapping rack\npositions halfway through.) TIP: Watch\ncarefully to avoid burning.",
        "• Once tortillas are toasted, remove sheet\nfrom oven. Carefully spread each tortilla\nwith smashed beans, then top with\nveggies and Mexican cheese blend.\n• Return to top rack until cheese melts,\n2-3 minutes.\nAdd chicken or beef to tostadas along\nwith veggies, then top with Mexican\ncheese blend. Return to top rack until\nchicken or beef is cooked through and\ncheese melts, 2-3 minutes.",
        "• Divide tostadas between plates. Top with\npico de gallo, lime crema, and remaining\ncilantro. Serve with remaining lime\nwedges on the side.\nChicken is fully cooked when internal temperature reaches 165°."
    ],
    "servings": "2",
    "difficulty": "Medium"
}