{
    "id": "216fa932c9594f539c5949bb34df69ad",
    "name": "Pancitos Susi",
    "country": "Argentina",
    "time": "Total: 2 h & 22' = 2 h & 7' prep. + 15' coc.",
    "link": "https://www.recetas.com/receta-de-Pancitos-Susi-4215.html",
    "ingredients": [
        "750 gr. de harina50 gr. de levadura fresca o 1 sobre de levadura secaSal3 cucharadas de azúcar 1/2 vaso de aceite3 huevos Agua c/n"
    ],
    "steps": [
        "Disponer sobre la mesada de trabajo la harina con sal en forma de corona.En el centro colocar la levadura, disolverla con el azúcar y un poco de agua a temperatura ambiente. Agregarle el aceite y los huevos.",
        "Mezclar todo muy bien y tomar la masa desde el centro hacia los bordes, hasta incorporar toda la harina.",
        "Formar un bollo. Amasar durante unos minutos y formar los pancitos en forma de bollitos, alargados, o trencitas.",
        "Acomodar en una placa ligeramente aceitada y dejar levar durante 2 o 3 horas.",
        "Cuando hallan duplicado su volumen, pintar con huevo batido y salpicar con queso rallado, semillas de amapola, oregano, sésamo, etc.",
        "Llevar a horno moderado de 15 a 20 minutos, o hasta que estén apenas dorados."
    ],
    "servings": "Comen 15",
    "difficulty": "Fácil"
}