{
    "id": "2180ad2bee0b42878ab9d0a9e99da62e",
    "name": "Caldo de espinacas",
    "country": "Argentina",
    "time": "Total: 1 h & 10' = 10' prep. + 1 h coc.",
    "link": "https://www.recetas.com/receta-de-Caldo-de-espinacas-2788.html",
    "ingredients": [
        "Espinaca abundante"
    ],
    "steps": [
        "Preparación:",
        "Poner al fuego 1-2 litros de agua con sal y un chorrito de aceite en una olla alta. Cuando hierva añadir 1 plato sopero de patatas cortadas en lascas, el tomate en cubitos, el ajo y la cebolla picados. Dejar cocinar un rato hasta que las patatas casi esten tiernas. Al final se le añaden las espinacas y se deja cocer hasta que esten en su punto."
    ],
    "servings": "Comen 4",
    "difficulty": "Fácil"
}