{
    "id": "21deb41880cb46778424153000d6e097",
    "name": "Empanada gallega al vino blanco",
    "country": "España",
    "time": "Total: 1 h & 50' = 1 h prep. + 50' coc.",
    "link": "https://www.recetas.com/empanada-gallega-al-vino-blanco.html",
    "ingredients": [
        "Para la masa:500 gr. de harina1 cdta. de sal1 cdta. colmada de polvo para hornear6 das. de aceite50 g: de mantequilla 1 vaso de vino blanco1 huevo para pincelar"
    ],
    "steps": [
        "Para la masa: colocar en forma de corona la harina junto a la sal y el polvo para hornear. Colocar en el centro el aceite, la mantequilla y el vino blanco.",
        "Tomar los ingredientes y formar un bollo liso. Dejar descansar por lo menos 30 minutos.",
        "Forrar un molde desmontable, previamente enmantequillado con 3/4 partes del bollo. Reservar el resto de la masa para la cubierta.",
        "Para el relleno: picar los dientes de ajo y rehogarlos en una sartén con aceite junto a las cebollas y los pimientos cortados en juliana fina. Agregar el atún, previamente escurrido y desmenuzado. Cocinar un momento todos los ingredientes.",
        "Incorporar el vino blanco, dejar evaporar el alcohol a fuego fuerte, luego bajarlo y condimentar a gusto con pimentón, orégano, perejil picado, sal y pimienta. Dejar enfriar.",
        "Verter la preparación bien fría en el molde y cubrir con la masa reservada. Pincelar la superficie de la masa con el huevo batido y llevar a horno moderado. Cocinar durante 50 minutos. Retirar y servir.",
        "La empanada gallega puede servirse también tibia o fría."
    ],
    "servings": "Comen 10",
    "difficulty": "Normal"
}