{
    "id": "226a089fc5154cf694f3301e04b971c8",
    "name": "Alfajores Chilenos",
    "country": "Chile",
    "time": "Total: 45' = 30' prep. + 15' coc.",
    "link": "https://www.recetas.com/receta-de-Alfajores-Chilenos-1577.html",
    "ingredients": [
        "6 yemas 6 cdas. de harina 1 tarro de manjar/leche condensadaLicor"
    ],
    "steps": [
        "Batir muy bien las yemas, perfumar con un chorrito de licor e ir agregando la harina. Formar una masa y estirarla lo más posible.",
        "Cortarla forma circular y hornear. Una vez doradas, rellenar 2 tapitas con el manjar o la leche condensada."
    ],
    "servings": "Comen 6",
    "difficulty": "Normal"
}