{
    "id": "2272a42a1f6742dfb47c521bd48c617f",
    "name": "Japanese katsudon",
    "country": "japan",
    "time": "Preparation and cooking time Prep: 10 mins Cook: 20 mins",
    "link": "https://www.bbcgoodfood.com/recipes/japanese-katsudon",
    "ingredients": [
        "1 tsp vegetable oil",
        "1 large onion sliced",
        "1 breaded pork fillet – use leftover tonkatsu (see recipe below), sliced",
        "150ml dashi or stock",
        "1 tbsp soy",
        "1 tsp mirin",
        "1 tsp sugar",
        "2 large eggs beaten",
        "200g cooked rice",
        "finely chopped chives to serve"
    ],
    "steps": [
        "step 1 Heat the oil in a pan, fry the sliced onion until golden brown, then add the tonkatsu ( see recipe here ), placing it in the middle of the pan. Mix the dashi, soy, mirin and sugar together and tip three-quarters of the mixture around the tonkatsu. Sizzle for a couple of mins so the sauce thickens a little and the tonkatsu reheats.",
        "step 2 Tip the beaten eggs around the tonkatsu and cook for 2-3 mins until the egg is cooked through but still a little runny. Divide the rice between two bowls, then top each with half the egg and tonkatsu mix, sprinkle over the chives and serve immediately, drizzling with a little more soy if you want an extra umami kick."
    ],
    "servings": "Serves 2",
    "difficulty": "Easy"
}