{
    "id": "22ab3e4904ca42acbe94032fcca2e746",
    "name": "Tortilla de espinacas",
    "country": "Colombia",
    "time": "Total: 20' = 10' prep. + 10' coc.",
    "link": "https://www.recetas.com/receta-de-Tortilla-de-espinacas-2464.html",
    "ingredients": [
        "1 cda. de aceite de oliva1/2 taza de cebolla cabezona picada1 manojo de espinacas 6 huevos1/2 taza de jamón picado en cuadritos1 taza de queso mozarella partido en cubos (u otro queso que derrita fácilmente)2 cdas. de perejil finamente picado1 cda. de mostazaSal y pimienta a gusto"
    ],
    "steps": [
        "En una sartén antiadherente, colocar elaceite y sofreír la cebolla.",
        "Adicionar la espinaca picada y cocinarla por 2 minutos.",
        "Batir los huevos, agregarles el jamón, el queso, el perejil, la mostaza, la sal y la pimienta.",
        "En una sartén precalentada, verter la mezcla de huevos y dejarla a fuego bajo por 2 minutos. Cubrir la tortilla con las espinacas y cocinar a fuego bajo por 10 minutos (o hasta que la tortilla se vea consistente)."
    ],
    "servings": "Comen 4",
    "difficulty": "Fácil"
}