{
    "id": "243615a744c14c3da8ea890383473586",
    "name": "Canastitas de chocolate",
    "country": "Argentina",
    "time": "Total: 25' = 20' prep. + 5' coc.",
    "link": "https://www.recetas.com/receta-de-Canastitas-de-chocolate-4160.html",
    "ingredients": [
        "20 pirotines200 gr. de chocolate amarrgo"
    ],
    "steps": [
        "Preparación:A baño María, deje que el chocolate se derrita lentamente. Viértalo en los pirotines, esparciéndolo por el fondo y los bordes. Enfríe.",
        "Rellene cada uno con las frutas o la crema elegidas. Otra opción es poner una pequeña base de crema, y las frutas picadas por encima."
    ],
    "servings": "Comen 10",
    "difficulty": "Normal"
}