{
    "id": "249c7b61c83e4dbeaf67eda0e0d81c52",
    "name": "Banana split",
    "country": "Argentina",
    "time": "Total: 20' = 10' prep. + 10' coc.",
    "link": "https://www.recetas.com/receta-de-Banana-split-5859.html",
    "ingredients": [
        "1 plátano cortado longitudinalmente por la mitad3 bochas de helado de cualquier de sabor, de dos o tres clasesSiropeCrema batida tipo chantillyNueces picadasGuindas picadas o enteras"
    ],
    "steps": [
        "En un recipiente alargado, poner las 2 rodajas de plátano, una a cada lado.",
        "Poner en el recipiente una bola de cada uno de los sabores elegidos (vainilla, chocolate y frutilla son los más clásicos); y en cada bola de helado poner una cucharadita de sirope, cubrir por encima con un poco de crema batida tipo chantilly y rociar con nueces picadas, poniendo una guinda en el centro para terminar."
    ],
    "servings": "Comen 1",
    "difficulty": "Fácil"
}