{
    "id": "25f2156bb87249a4b81437571672f4b6",
    "name": "Bruschetta con sardinas",
    "country": "Italia",
    "time": "Total: 35' = 20' prep. + 15' coc.",
    "link": "https://www.recetas.com/bruschetta-con-sardinas.html",
    "ingredients": [
        "8 ó 16 sardinas4 cdas. de aceiteSalPimienta1 cda. de perejil picadoJugo de 1/2 limón8 tostadas 2 yemas1 cda. de agua1/2 cda. de vinagre2 cdas. de mantequillaSalPimientaNuez moscada1 cda. de mostaza"
    ],
    "steps": [
        "Ponga las sardinas, limpias y abiertas, en una asadera untada con aceite; écheles por encima sal, pimienta, perejil, aceite y jugo de limón.",
        "Cuézalas a horno moderadamente caliente durante 15 minutos y acomódelas sobre las tostadas, 2 o 4 en cada una, según su tamaño.",
        "Mientras se cocinan las sardinas, mezcle en una cacerolita, las yemas con el agua y el vinagre; agregue la mantequilla, sal, pimienta, nuez moscada y la mostaza y revuelva sobre calor muy suave hasta espesar.",
        "Eche sobre las tostadas con sardinas y sirva inmediatamente o caliente un par de minutos en el horno."
    ],
    "servings": "Comen 4",
    "difficulty": "Normal"
}