{
    "id": "260155651ca44d7f8e7f73bd65616ac5",
    "name": "Spicy Harissa Chicken & Barley Bowl",
    "country": "south-africa",
    "time": 45,
    "link": "https://www.hellofresh.com/recipes/spicy-harissa-chicken-barley-bowl-630f7ea904e3cd0472096ad9",
    "ingredients": [
        "¾ cupPearl Barley(Contains  Wheat)",
        "1 unitZucchini",
        "1 unitBell Pepper",
        "1 unitRed Onion",
        "¼ ounceCilantro",
        "1 unitLemon",
        "1 tablespoonHarissa Powder",
        "4 tablespoonYogurt(Contains  Milk)",
        "1 teaspoonGarlic Powder",
        "1 teaspoonChili Flakes",
        "½ ounceSliced Almonds(Contains  Tree Nuts)",
        "2 unitVeggie Stock Concentrate",
        "1 ounceGolden Raisins",
        "½ cupFeta Cheese(Contains  Milk)",
        "10 ounceChicken Cutlets",
        "1 teaspoonCooking Oil",
        "1.5 tablespoonOlive Oil",
        "Salt",
        "Pepper"
    ],
    "steps": [
        "• Adjust rack to top position (top and middle\npositions for 4 servings) and preheat oven\nto 425 degrees.\n• In a small pot, combine barley, 2½ cups\nwater (4 cups for 4), and a big pinch of salt.\nBring to a boil, then reduce to a simmer\nand cover. Cook until barley is tender and\nwater has absorbed, 25-30 minutes.\n• Keep covered off heat until ready to use in\nstep 6. TIP: If you end up with any excess\nwater, simply pour it out. Alternatively, if\nwater evaporates before barley is done, add\na splash of water.",
        "• Wash and dry produce.\n• Trim and halve zucchini lengthwise; slice\ncrosswise into ½-inch-thick half-moons.\nHalve, core, and thinly slice bell pepper.\nHalve, peel, and thinly slice onion. Zest and\nquarter lemon. Pick cilantro leaves from\nstems; finely chop leaves.",
        "• Toss zucchini, bell pepper, and onion on a\nbaking sheet with a drizzle of oil, ½ tsp\nharissa powder (1 tsp for 4 servings), salt,\nand pepper. (Be sure to measure the\nharissa powder—we sent more! Use less if\nyou prefer less heat.)\n• Roast on top rack until veggies are tender\nand browned, 15-18 minutes. (For 4, divide\nbetween 2 baking sheets; roast on top and\nmiddle racks.)\nPat chicken or salmon dry with paper\ntowels; season with salt and pepper.\nHeat a drizzle of oil in a large pan\nover medium-high heat. Cook chicken\nuntil browned and cooked through,\n3-5 minutes per side, or cook salmon\n(skin sides down) until skin is crisp,\n5-7 minutes, then flip and cook until\ncooked through, 1-2 minutes more.\nTransfer to a cutting board.",
        "• In a small bowl, combine yogurt and a big\npinch of lemon zest. Add water 1 tsp at\na time until mixture reaches a drizzling\nconsistency. Season with salt and pepper.\n• In a separate small bowl, combine cilantro,\n1½ TBSP olive oil, ¼ tsp garlic powder\n(you’ll use the rest later), a squeeze of\nlemon juice, and a pinch of chili flakes to\ntaste (use 3 TBSP olive oil and ½ tsp garlic\npowder for 4 servings). Season with salt\nand pepper.",
        "• Heat a small, dry pan over medium-high\nheat. Add almonds and cook, stirring\noccasionally, until golden and fragrant,\n2-3 minutes. Remove pan from heat.",
        "• Fluff barley with a fork. Stir in stock\nconcentrates, raisins, remaining garlic\npowder, a squeeze of lemon juice, and as\nmuch remaining lemon zest as you like.\nSeason with salt and pepper.\n• Stir half the veggies into pot with barley.\n• Divide barley between bowls; top with\nremaining veggies, feta, and almonds.\nDrizzle with yogurt and herb sauce. Serve\nwith any remaining lemon wedges and\nremaining chili flakes on the side.\nSlice chicken crosswise; serve chicken or\nsalmon atop bowls.\nChicken is fully cooked when internal temperature\nreaches 165°."
    ],
    "servings": "2",
    "difficulty": "Medium"
}