{
    "id": "26a54b8a688149dda2dae844886da7bc",
    "name": "Arroz rojo",
    "country": "Mexico",
    "time": "Total: 35' = 10' prep. + 25' coc.",
    "link": "https://www.recetas.com/receta-de-Arroz-rojo-6127.html",
    "ingredients": [
        "250 gr. de arroz3 tazas de agua1 cubo de caldo de pollo1 cubo de tomate1 cebolla1 diente de ajo1 lata de chícharos con zanahoriaAceite"
    ],
    "steps": [
        "Lavar muy bien el arroz hasta que salga el agua clara.Poner a calentar el aceite y agregar el arroz, menear constantemente para que no se queme. Cuando tome un color dorado, agregar la cebolla y menear hasta que esté crisltalina. Agregar el diente de ajo picado y 2 tazas de agua.",
        "Cuando empieze a hervir, agregar los cubos de pollo y tomate. Cuando se empieze a secar agregar la otra taza de agua, continuar la cocción y agregar por último los chicharos. Mover con cuidado para distribuirlos. Apagar el fuego y tapar.",
        "Dejar reposar 5 minutos y servir."
    ],
    "servings": "Comen 8",
    "difficulty": "Normal"
}