{
    "id": "273692a885634f528b462acfcf58c37b",
    "name": "Pollo en salsa de maní",
    "country": "Peru",
    "time": "Total: 2 h & 5' = 1 h & 30' prep. + 35' coc.",
    "link": "https://www.recetas.com/receta-de-Pollo-en-salsa-de-mani-6011.html",
    "ingredients": [
        "1 pollo en trozos1 cebolla rallada (por la parte gruesa del rallador)1 cdta. de pimienta1 cdta. de cominos4 cdas. de ají pancaAceiteManí tostado y molidoSalSazonadorAgua"
    ],
    "steps": [
        "Trozar el pollo, en una olla echar aceite junto con la cebolla rallada, pimienta, sal, cominos y el ají panca picado, hasta que se sofrían bien.",
        "Una vez que este aderezo estée a punto agregar el agua y el pollo cortado en presas. Dejar cocinar hasta que las presas estén suaves.",
        "Agregar por ultimo el maní con el sazonador y dar un hervor para que el maní suelte su sabor.",
        "Servir con arroz blanco."
    ],
    "servings": "Comen 4",
    "difficulty": "Normal"
}