{
    "id": "291ef02b9a694418907b452fad4a7c94",
    "name": "Quinua con leche",
    "country": "Peru",
    "time": "Total: 35' = 15' prep. + 20' coc.",
    "link": "https://www.recetas.com/quinua-con-leche.html",
    "ingredients": [
        "120 gr. de quinua 380 ml de leche evaporada 320 ml de leche condensada 1 clavo de olor1 rama de canela Canela en polvo"
    ],
    "steps": [
        "Después de enjuagar muy bien la quinua bajo el agua corriente, ponerla en una olla, cubrir al ras con agua, añadir la leche evaporada y la condensada y perfumar con el clavo y la rama de canela.",
        "cocine a fuego lento durante unos 25-30 minutos, revolviendo con frecuencia.",
        "Debe resultar una crema, similar al arroz con leche.",
        "Dejar enfriar y retirar la rama de canela y el clavo de olor. Dividir en cuatro compoteras pequeñas y servir con una pizca de canela.",
        "Vea también:  Cómo cocinar la quinuaLa quinua y sus muchas propiedades"
    ],
    "servings": "Comen 4",
    "difficulty": "Normal"
}