{
    "id": "29938cd742ab4e4d8f39ed7d513cdbdc",
    "name": "Pork Meatball & Mushroom Ramen",
    "country": "japan",
    "time": 40,
    "link": "https://www.hellofresh.com/recipes/pork-meatball-mushroom-ramen-66955ad2b0a47382be8702bd",
    "ingredients": [
        "1 cloveGarlic",
        "1 unitChili Pepper",
        "2 unitScallions",
        "1 thumbGinger",
        "4 ounceButton Mushrooms",
        "10 ounceGround Pork",
        "¼ cupPanko Breadcrumbs(Contains  Wheat)",
        "2 unitPork Ramen Stock Concentrate",
        "1 unitMushroom Stock Concentrate",
        "4.5 ounceRamen Noodles(Contains  Wheat)",
        "3 ounceCarrots",
        "Salt",
        "Pepper",
        "10 teaspoonCooking Oil"
    ],
    "steps": [
        "• Bring a large pot of salted water to a\nboil. Wash and dry produce.\n• Peel and mince or grate garlic. Finely\nchop chili. Trim and thinly slice\nscallions, separating whites from\ngreens; mince whites. Peel and mince\nginger until you have 1 TBSP (2 TBSP\nfor 4 servings). Trim and thinly slice\nmushrooms (skip if your mushrooms\nare pre-sliced!). Trim, peel, and\nhalve carrot lengthwise; thinly slice\ncrosswise into half-moons.",
        "• In a small microwave-safe bowl,\ncombine 1⁄4 of the garlic with 2 TBSP\noil (4 TBSP for 4 servings); microwave\nuntil fragrant, 30 seconds. Season with\nsalt and add as much chili as you like.\nSet aside.\n• In a medium bowl, combine pork*,\npanko, scallion whites, 2 tsp minced\nginger (4 tsp for 4), 3⁄4 tsp salt (11⁄2 tsp\nfor 4), and pepper. Form into 1-inch\nmeatballs.",
        "• Heat a large drizzle of oil in a medium\npot over medium-high heat (use\na large pot for 4 servings). Add\nmushrooms and carrot; season with\nsalt and pepper. Cook, stirring, until\nbrowned and tender, 5-7 minutes.\n• Add another drizzle of oil, remaining\ngarlic, and remaining minced ginger.\nCook until fragrant, 30 seconds.",
        "• Add 3 cups water (6 cups for 4 servings),\npork ramen stock concentrates, and\nmushroom stock concentrate to pot\nwith veggies; bring to a boil.\n• Meanwhile, add half the noodles\n(all for 4) to pot with salted water\n(not the broth!); cook until just tender,\n1-2 minutes.\n• Drain and rinse noodles under cold\nwater. Toss with a drizzle of oil.",
        "• Once broth is boiling, reduce to a\nsimmer and add meatballs; cook,\nstirring occasionally, until cooked\nthrough, 3-4 minutes.\n• Taste broth and season generously\nwith salt and pepper.",
        "• Divide noodles between bowls; top\nwith meatballs, veggies, and as much\nbroth as you like. (You may have some\nbroth left over—seconds!) Top with\nscallion greens and as much garlic\nchili oil as you like. Serve.\nGround Pork is fully cooked when internal temperature reaches 160º."
    ],
    "servings": "2",
    "difficulty": "Easy"
}