{
    "id": "2a9b0c58efd44f4aac4a3d70e669b9ac",
    "name": "Tex-Mex Chicken, Bean & Pepper Wraps",
    "country": "mexico",
    "time": 30,
    "link": "https://www.hellofresh.com/recipes/tex-mex-chicken-bean-and-pepper-wraps-66cf855706074c39731c14c7",
    "ingredients": [
        "2 unitFlour Tortillas(Contains  Soy, Wheat)",
        "½ cupJasmine Rice",
        "1 unitTomato Paste",
        "1 unitLong Green Pepper",
        "1 unitBlack Beans",
        "1 tablespoonSouthwest Spice Blend",
        "1 unitTex-Mex Paste",
        "1 unitVeggie Stock Concentrate",
        "1 unitTomato",
        "1 unitLime",
        "¼ ounceCilantro",
        "2 unitScallions",
        "4 tablespoonVegan Mayo",
        "10 ounceChopped Chicken Breast",
        "Salt",
        "Pepper",
        "Cooking Oil"
    ],
    "steps": [
        "• Wash and dry produce.\n• Trim and thinly slice scallions, separating\nwhites from greens. Halve, core, and thinly\nslice green pepper into strips. Drain and\nrinse beans. Roughly chop cilantro. Finely\ndice tomato. Quarter lime.",
        "• Heat a drizzle of oil in a small pot over\nmedium-high heat. Add scallion whites;\ncook, stirring constantly, until fragrant and\ntranslucent, 30-60 seconds. Stir in rice and\nhalf the tomato paste (all for 4 servings).\nCook, stirring, until rice is evenly coated,\n30-60 seconds more.\n• Add 1 cup water (2 cups for 4), stock\nconcentrate, 1 tsp Southwest Spice Blend\n(2 tsp for 4), and a pinch of salt. (You’ll\nuse the rest of the Southwest Spice Blend\nlater.) Bring to a boil, then cover and reduce\nheat to a low simmer. Cook until rice is\ntender, 15-18 minutes. Turn off heat and\nkeep covered until ready to serve.",
        "• While rice cooks, heat a drizzle of oil in a\nlarge pan over medium-high heat. Add\ngreen pepper; cook, stirring, until softened,\n5-6 minutes. Season with salt and pepper.\n• Add beans, Tex-Mex paste, remaining\nSouthwest Spice Blend, and 1⁄4 cup water\n(1⁄3 cup for 4 servings). Cook, stirring,\nuntil filling is combined and thickened,\n2-3 minutes.\nOpen package of chicken* and drain off\nany excess liquid. Add chicken or\nbeef* to pan along with green pepper;\nseason with salt and pepper. Cook,\nstirring frequently, until chicken or beef\nis browned and cooked through and\ngreen pepper is softened, 4-6 minutes.\n(TIP: If there’s excess grease in your pan,\ncarefully pour it out.) Cook through the\nrest of the step as directed.",
        "• In a small bowl, combine vegan\nmayonnaise, cilantro, and a pinch of salt\nand pepper. Add water, 1 tsp at a time, until\nmixture reaches a drizzling consistency.\n• In a separate small bowl, combine tomato,\nscallion greens, and a squeeze of lime\njuice. Season with salt and pepper.",
        "• Fluff rice with a fork. Wrap tortillas in damp\npaper towels and microwave until warm\nand pliable, 30 seconds.\n• Lay tortillas on a clean work surface. Add as\nmuch rice, bean filling, and pico de gallo as\nyou like across the bottom third of tortillas.\nDrizzle with as much sauce as you like.\n• Fold bottom edge of each tortilla over\nfilling, then fold over left and right sides\ntoward the filling. Roll up tortillas, starting\nwith filled sides, to form wraps.",
        "• Halve wraps on a diagonal; divide between\nplates along with any remaining bean\nfilling, remaining rice, and remaining pico\nde gallo. Serve with any remaining sauce\nfor dipping and remaining lime wedges on\nthe side.\nChicken is fully cooked when internal temperature reaches 165°."
    ],
    "servings": "2",
    "difficulty": "Medium"
}