{
    "id": "2b0003dd824d46c8be9ca55a54c81323",
    "name": "Shawarma-Spiced Chicken & Chickpeas",
    "country": "south-africa",
    "time": 35,
    "link": "https://www.hellofresh.com/recipes/shawarma-spiced-chicken-and-chickpeas-6669c530b70bb7fe59f66963",
    "ingredients": [
        "1 unitChickpeas",
        "1 unitShallot",
        "2 cloveGarlic",
        "½ ouncePistachios(Contains  Tree Nuts)",
        "2 unitVeggie Stock Concentrate",
        "1 tablespoonShawarma Spice Blend",
        "½ cupBasmati Rice",
        "1 unitMini Cucumber",
        "4 ounceGrape Tomatoes",
        "1 unitLemon",
        "6 tablespoonVegan Mayo",
        "1 teaspoonHot Sauce",
        "10 ounceChicken Cutlets",
        "Salt",
        "Pepper",
        "6 teaspoonCooking Oil",
        "1 teaspoonOlive Oil"
    ],
    "steps": [
        "• Adjust rack to top position and preheat oven\nto 425 degrees. Wash and dry produce.\n• Drain and rinse chickpeas; dry thoroughly\nwith paper towels, removing as much\nmoisture as possible. Halve, peel, and\nthinly slice shallot; mince a few slices until\nyou have 2 TBSP (4 TBSP for 4 servings).\nPeel and mince or grate garlic. Roughly\nchop pistachios.",
        "• In a medium bowl, toss chickpeas with half\nthe stock concentrates, half the\nShawarma Spice Blend (you’ll use the rest\nin the next step), a large drizzle of oil, and a\npinch of salt and pepper.\n• Spread chickpeas out in a single layer on a\nlightly oiled foil-lined baking sheet. Roast\non top rack, tossing halfway through, until\nchickpeas are slightly crispy, 18-20 minutes.\n(It’s natural for chickpeas to pop a bit while\nroasting.)\n• Wipe out bowl.",
        "• While chickpeas roast, heat a large drizzle\nof oil in a small pot (use a medium pot\nfor 4 servings) over medium-high heat.\nAdd minced shallot, half the garlic, half\nthe pistachios, remaining Shawarma\nSpice Blend, and a big pinch of salt. Cook,\nstirring, until fragrant, 30-60 seconds.\n• Stir in rice, remaining stock concentrate,\nand 3⁄4 cup water (11⁄2 cups for 4). Bring to\na boil, then cover and reduce heat to low.\nCook until rice is tender, 15-18 minutes.\nKeep covered off heat until ready to serve.\nWhile the rice cooks, pat chicken* or\nsalmon* dry with paper towels; season\nwith salt and pepper. Heat a drizzle of\noil in a large pan over medium-high heat.\nAdd chicken or salmon (skin sides down);\ncook chicken until browned and cooked\nthrough, 3-5 minutes per side, or cook\nsalmon until skin is crisp, 5-7 minutes,\nthen flip and cook until cooked through,\n1-2 minutes more. Transfer to a cutting\nboard to rest.",
        "• Quarter cucumber lengthwise; slice into\n1⁄2-inch-thick pieces. Halve tomatoes\nlengthwise. Zest and quarter lemon.\n• In bowl used for chickpeas, combine\ncucumber, tomatoes, and as much sliced\nshallot as you like. Toss with half the lemon\nzest, juice from one lemon wedge, and a\ndrizzle of olive oil. (For 4 servings, use juice\nfrom two wedges and a large drizzle of olive\noil.) Season with salt and pepper to taste.",
        "• In a small bowl, whisk together\nmayonnaise, remaining garlic, remaining\nlemon zest, and juice from one lemon\nwedge (two wedges for 4 servings).\n• Whisk in 2 TBSP water (4 TBSP for 4) until\ncombined. (If needed, add water 1 tsp\nat a time until sauce reaches a drizzling\nconsistency.) Season white sauce with salt\nand pepper to taste.",
        "• Fluff rice with a fork. Season with salt\nand pepper.\n• Divide rice between shallow bowls. Top with\ncucumber salad and roasted chickpeas in\nseparate sections. Drizzle everything with\nwhite sauce and as much hot sauce as you\nlike. Sprinkle with remaining pistachios\nand serve with remaining lemon wedges\non the side.\nThinly slice chicken crosswise (skip\nslicing salmon!). Serve chicken or\nsalmon atop rice.\nChicken is fully cooked when internal temperature reaches 165°."
    ],
    "servings": "2",
    "difficulty": "Medium"
}