{
    "id": "2d6c1df5a0d44d27a360421d97a165e6",
    "name": "Pudin al cafe",
    "country": "Colombia",
    "time": "Total: 15' = 10' prep. + 5' coc.",
    "link": "https://www.recetas.com/receta-de-Pudin-al-cafe-5034.html",
    "ingredients": [
        "3 huevos 50 gr. de azúcar 1/2 lt. de leche 1 cda. de café molido fino100 gr. de crema de leche 1 sobre de gelatina sin sabor"
    ],
    "steps": [
        "En una cacerolita, trabaje las yemas y el azúcar con el batidor. Agregue la leche y lleve a fuego lento, mezclando siempre con el batidor, apagando al primer hervor.",
        "Disuelva en la mezcla, el café y la gelatina (previamente disuelta). Deje enfriar, mezclando cada tanto con el batidor.",
        "Agregue las claras batidas a nieve bien firme y vierta en moldecitos. Coloque en la heladera por 2 horas mínimamente antes de servir."
    ],
    "servings": "Comen 6",
    "difficulty": "Fácil"
}