{
    "id": "2de6459797c94f839686a9765ec19156",
    "name": "Pollo en pepitoria",
    "country": "spain",
    "time": "Preparation and cooking time Prep: 35 mins Cook: 1 hr and 10 mins",
    "link": "https://www.bbcgoodfood.com/recipes/pollo-en-pepitoria",
    "ingredients": [
        "good pinch of saffron",
        "4 tbsp extra virgin olive oil",
        "6 garlic cloves",
        "35g blanched almonds",
        "30g stale bread torn",
        "2 tbsp parsley chopped, plus extra to serve",
        "8 skin-on and bone-in chicken thighs",
        "1 onion finely chopped",
        "1 carrot chopped",
        "1 celery stick, chopped",
        "250ml dry sherry",
        "350ml chicken stock",
        "1 cinnamon stick broken in two",
        "pinch of ground cloves",
        "2 bay leaves",
        "2 eggs hard-boiled, shelled and halved",
        "2 tbsp flaked almonds toasted"
    ],
    "steps": [
        "step 1 Put the saffron in a small bowl with 75ml of just-boiled water. Stir and set aside. Heat 2 tbsp of the oil in a broad, shallow casserole dish . Cook the garlic until pale gold in colour, then add the blanched almonds and bread, and continue to fry until everything is golden. Tip into a food processor with some salt and pepper and the parsley, and whizz together.",
        "step 2 Heat 2 more tbsp of the oil in the pan and brown the chicken all over, seasoning as you cook. Put in a bowl and set aside.",
        "step 3 Remove all but about 2 tbsp of chicken fat from the pan and cook the onion, carrot and celery until golden. Add the sherry, stirring to dislodge any brown bits that have stuck to the pan. Pour in the stock and the saffron (with its water), and bring to the boil, then turn the heat down to a simmer. Add the spices and bay leaves, and put the chicken back in the pan with any juices. Season and gently cook the chicken for about 40 mins with the lid on.",
        "step 4 Transfer the chicken to a bowl again, leaving the sauce in the pan, and cover with foil to keep warm. Remove the yolks from the eggs and roughly chop the whites. Mash the egg yolks in a small bowl and gradually mix in a couple of tbsp of the sauce. Bring the remaining sauce to the boil to reduce a bit (you want it to just coat the chicken), then turn the heat down. Remove the bay and cinnamon stick. Add the egg yolks and cook for a few mins until the mixture has thickened. Stir in the almond mixture that you made earlier (this will thicken the sauce, too). Put the chicken back in the pan and heat it for about 3 mins, spooning the sauce over it. Season to taste.",
        "step 5 Scatter over the extra parsley, the almonds pieces and the chopped egg whites (if you’re going to use them). You can serve this straight from the dish with some rice, if you like."
    ],
    "servings": "Serves 4",
    "difficulty": "Easy"
}