{
    "id": "2f20263b9c7644f6b5cb4a20707dfc68",
    "name": "Stewed lamb",
    "country": "spain",
    "time": "Preparation and cooking time Prep: 10 mins Cook: 1 hr and 10 mins",
    "link": "https://www.bbcgoodfood.com/recipes/stewed-lamb",
    "ingredients": [
        "6 lamb leg steaks",
        "50g plain flour for dusting",
        "6 tbsp olive oil",
        "1 ½ garlic cloves",
        "1 tbsp chopped parsley leaves",
        "150ml white wine",
        "3 potatoes cut into small chunks",
        "100-150g peas (frozen are fine)"
    ],
    "steps": [
        "step 1 Salt the lamb steaks and dust them with the flour. Fry in the oil in two batches, for about 10 mins each, in a large pan with a lid, until they are a little golden on both sides. Set aside. Tip the leftover oil into a small bowl and save for the potatoes.",
        "step 2 Next, crush the garlic and parsley using a pestle and mortar , then stir in the wine. Add it all to the pan and wait about 1 min until bubbles appear on the surface. Pour in 150ml water and wait until bubbles appear again. Now return the steaks, cover and let it all simmer over a low heat for 45-50 mins or until tender.",
        "step 3 With 30 mins to go, fry the potatoes in a separate pan in the leftover oil for 5 mins or until golden. Sit them on kitchen paper to absorb any excess oil, then add them to the lamb for the remaining cooking time. Once the lamb and potatoes are tender, add the peas and simmer for 5 mins before serving."
    ],
    "servings": "Serves 6",
    "difficulty": "Easy"
}