{
    "id": "3087a30f9822475289ee3f92de49c39d",
    "name": "Sopa de frijoles con chicharrón",
    "country": "Colombia",
    "time": "Total: 55' = 25' prep. + 30' coc.",
    "link": "https://www.recetas.com/receta-de-Sopa-de-frijoles-con-chicharron-1362.html",
    "ingredients": [
        "1 taza de frijoles 8 tazas de caldo básico 250 gr. de cerdo salado 500 gr. de yuca 1 taza de cebolla2 tomatesAjoCondimentos 250 gr. de chicharrones 1 cda. de perejil Sal y pimienta"
    ],
    "steps": [
        "Cortar el cerdo salado en trozos. Pelar y cortar en trozos la yuca. Picar el pereji. Picar y saltear la cebolla, el tomate, el ajo y los condimentos.Poner los frijoles en una cacerola junto con el agua del remojo y el caldo. Cocinar hasta que estén tiernos.",
        "Añadir la carne. Cocinar durante 15 min. Por último, agregar la yuca, la salsa y los chicharrones y terminar la cocción."
    ],
    "servings": "Comen 5",
    "difficulty": "Fácil"
}