{
    "id": "318aab2ce82b455ab493a38fc4ccaf18",
    "name": "Empanadas al horno",
    "country": "Argentina",
    "time": "Total: 55' = 40' prep. + 15' coc.",
    "link": "https://www.recetas.com/empanadas-al-horno.html",
    "ingredients": [
        "Para el relleno:1 cebolla2 puerros6 cdas. de grasa 3/4 kg. de carne de ternera1. cda. de pimentón1 cdta. de chile picante1 cdta. de sal2 huevos duros1 puñado de pasas de uva sin semillas 100 gr. de aceitunas verdes descarozadas"
    ],
    "steps": [
        "Para preparar la masa colocar en la mesada la harina en forma de corona, en el centro agregar la mantequilla, las yemas y, de a poco la leche salada. Trabajar esta masa hasta que está bien lisa.",
        "Dejar descansar por unos 20 minutos, y luego estirar no demasiado fina: cortar medallones con un cortapastas liso grande.",
        "Para el relleno, cocinar la cebolla finamente picada y los puerros (de los cuales se utiliza la parte blanca) también picados, en la grasa caliente. Incorporar la carne cortada a cuchillo, saltear por unos minutos y por último condimentar.",
        "Retirar del fuego y mezclar los huevos duros, las pasas y las aceitunas.",
        "Poner en el centro de cada disco de masa, una cda. de relleno. Cerrar la masa, haciendo el repulgue.",
        "Cocinar en horno caliente de 10 a 15 minutos."
    ],
    "servings": "Comen 6",
    "difficulty": "Normal"
}