{
    "id": "31917e6a62754867aae319e19d25a508",
    "name": "Leche frita",
    "country": "Colombia",
    "time": "Total: 30' = 15' prep. + 15' coc.",
    "link": "https://www.recetas.com/receta-de-Leche-frita-2539.html",
    "ingredients": [
        ""
    ],
    "steps": [
        "Batir en la licuadora la leche, el azúcar, las 4 yemas de huevo, la maizena, la canela y la mantequilla.",
        "Llevar al fuego este batido revolviendo constantemente para que no se pegue. Dejar hervir y espesar.",
        "Retirar del fuego y verter esta crema en una bandeja, procurando que quede de 1 centímetro de espesor.",
        "Dejar enfriar y cortarla en cuadritos.",
        "Pasar cada cuadrito por harina de trigo y luego por huevo batido.",
        "Freírlos en abundante aceite caliente y, al servirlos, espolvoreárlos con canela y azúcar pulverizada."
    ],
    "servings": "Comen 6",
    "difficulty": "Fácil"
}