{
    "id": "31eebc3294ea43959da56b3d68597cb8",
    "name": "Tigelle",
    "country": "Italia",
    "time": "Total: 2 h & 27' = 2 h & 7' prep. + 20' coc.",
    "link": "https://www.recetas.com/tigelle.html",
    "ingredients": [
        "500 gr. de harina 200 gr. de nata25 gr. de levadura 150 ml de leche (50 ml para disolver la levadura y 100 ml para la masa) 10 gr. de sal"
    ],
    "steps": [
        "Colocar la harina en un bol, disolver la levadura con 50 ml de leche a temperatura ambiente y colocar en el centro de la harina, añadir la sal y comenzar el amasado.Añadir la nata y, si es necesario, la leche, y continuar amasando hasta obtener una masa homogénea y compacta. Colocar la masa en un recipiente y dejar levar al menos 2 horas.Después de este tiempo trabajar de nuevo la masa y formar bollitos de unos 40 gramos cada uno. Dejarlos levar nuevamente unos 20 minutos. Tomar cada uno de los bollitos y aplastarlos con las manos o con un rodillo, para obtener círculos de aproximadamente 7-8 cm. Calentar una sartén anti-adherente, engrasarla con un poco de mantequilla y cocinar las tigelle unos 10 minutos de cada lado. Deben quedar bien doradas de ambos lados. Servirlas calientes acompañadas con embutidos, quesos, miel y mostaza u otros aderezos."
    ],
    "servings": "Comen 6",
    "difficulty": "Normal"
}