{
    "id": "32954efa8f4b41a195fc7b3ea7d9d700",
    "name": "Empanadas de Champignones",
    "country": "España",
    "time": "Total: 50' = 30' prep. + 20' coc.",
    "link": "https://www.recetas.com/receta-de-Empanadas-de-Champignones-2766.html",
    "ingredients": [
        "Masa: 160 grs. de manteca 1 cucharada de azúcar molida 1/2 cucharadita de sal 2 yemas 2 cucharadas de leche 250 grs. de harina 1 cucharadita de polvo de hornear"
    ],
    "steps": [
        "En un recipiente, trabajar la manteca con el azúcar y la sal hasta que esté bien blanca y cremosa. Unir esa mezcla con las yemas una por una, siempre batiendo, y la pimienta.",
        "",
        "Por otra parte, mezclar la harina con el polvo de hornear y unirlos a la preparación anterior, alternado con la leche. Revolver y dejar descansar media hora.",
        "En una sartén, dorar la cebolla en el aceite y la manteca. Retirar y agregarle los huevos duros picados, los morrones y los champignones cortaditos. Condimentar y mezclar.",
        "Estirar la masa y formar los discos de empanadas. Rellenar y cerrar cada una, colocándolas en una fuente de horno enmantecada. Cocinar en horno moderado aproximadamente 20 minutos."
    ],
    "servings": "Comen 12",
    "difficulty": "Normal"
}