{
    "id": "3301d0964dcf44a38c7f3e6b35c64001",
    "name": "Cerdo a la alentejana",
    "country": "Portugal",
    "time": "Total: 2 h & 30' = 2 h prep. + 30' coc.",
    "link": "https://www.recetas.com/cerdo-a-la-alentejana.html",
    "ingredients": [
        "500 gr. de lomo de cerdo 1 kg. de almejas Cilantro frescoAjoChaloteApioPimentón dulceTabascoVino blancoSalPimienta negroAceite de oliva virgen extra"
    ],
    "steps": [
        "Cortar el lomo de cerdo en cubos grandes (más o menos el mismo tamaño de una almeja) y ponerlos a macerar unas horas con pimentón, salsa Tabasco, cebollín, apio, vino blanco, sal, pimienta negra y cilantro fresco.",
        "Purgar las almejas y dejar que se abran en una sartén con aceite de oliva virgen extra y el ajo entero, pero sólo lo justo para comprobar que estén bien. Retirar casi todas las conchas, dejando sólo unas pocos para el momento de servir.",
        "Escurrir muy bien la carne de la marinada, enharinarla y freirla por inmersión con aceite de semillas. Dejar enfriar en un colador de metal para que la corteza quede crujiente; sazona con sal y pimienta.",
        "Añadir la carne frita a las almejas, terminar de cocinar a fuego alto sin dejar secar demasiado la preparación. Servircon patatas cocidas o arroz blanco."
    ],
    "servings": "Comen 4",
    "difficulty": "Normal"
}