{
    "id": "340e697c59a7408aae141d981fbbaf9f",
    "name": "Turkey, Apricot & Chickpea Tagine",
    "country": "south-africa",
    "time": 30,
    "link": "https://www.hellofresh.com/recipes/turkey-apricot-chickpea-tagine-64b81ff95311d06ae9146717",
    "ingredients": [
        "1 unitYellow Onion",
        "¼ ounceParsley",
        "1 cloveGarlic",
        "1 unitLemon",
        "1 unitJalapeño",
        "1 unitZucchini",
        "1 unitChickpeas",
        "½ cupBasmati Rice",
        "2 unitVeggie Stock Concentrate",
        "3 tablespoonSour Cream(Contains  Milk)",
        "1 tablespoonTunisian Spice Blend",
        "½ ounceSliced Almonds(Contains  Tree Nuts)",
        "1 ounceDried Apricots",
        "1 teaspoonHot Sauce",
        "10 ounceGround Turkey",
        "Salt",
        "Pepper",
        "4 teaspoonCooking Oil",
        "2 tablespoonOlive Oil",
        "2 tablespoonButter(Contains  Milk)"
    ],
    "steps": [
        "• Wash and dry produce.\n• Halve, peel, and dice onion. Mince\nparsley. Peel and mince or grate garlic.\nZest and halve lemon. Mince jalapeño,\nremoving ribs and seeds for less heat.\nTrim and halve zucchini lengthwise; cut\ncrosswise into ½-inch-thick half-moons.\nDrain and rinse chickpeas.",
        "• Heat a drizzle of oil in a small pot over\nmedium-high heat. Add ¼ of the\nonion; cook, stirring, until just softened,\n2-3 minutes.\n• Stir in rice, ¾ cup water (1½ cups for\n4 servings), half the stock concentrates,\nand a pinch of salt. Bring to a boil, then\ncover and reduce to a low simmer. Cook\nuntil rice is tender, 15-18 minutes.\n• Keep covered off heat until ready to serve.\nPat chicken dry with paper towels.\nHeat a drizzle of oil in a large pan\nover medium-high heat. Add chicken\nor turkey and season with salt and\npepper. Cook, stirring frequently,\nuntil browned and cooked through,\n4-6 minutes. Turn off heat; transfer to\na plate. Wipe out pan.",
        "• While rice cooks, in a small bowl,\ncombine parsley, 2 TBSP olive oil\n(3 TBSP for 4 servings), a pinch of garlic,\nsalt, and pepper. Add lemon juice to\ntaste and as much jalapeño as you like.\nTaste and add more garlic if desired.\n• In a separate small bowl, combine sour\ncream, a pinch of salt, and as much\nlemon zest as you like. Add water\n1 tsp at a time until mixture reaches a\ndrizzling consistency.",
        "• Heat a large drizzle of oil in a large pan\nover medium-high heat. Add zucchini\nand remaining onion. Cook, stirring,\nuntil softened and lightly browned,\n5-7 minutes (7-10 minutes for 4 servings).\n• Add Tunisian Spice Blend, remaining\ngarlic, and a big pinch of salt. Cook,\nstirring, until fragrant, 1-2 minutes.\nUse pan used for chicken or\nturkey here.",
        "• Add 1⁄3 cup water (2⁄3 cup for 4 servings)\nand remaining stock concentrate to pan\nwith veggies.\n• Stir in chickpeas and bring tagine to a\nlow simmer. Cook until liquid has slightly\nreduced, 1-2 minutes.\n• Reduce heat to low; stir in 1 TBSP butter\n(2 TBSP for 4) until melted. Season with\nsalt and pepper.",
        "• Fluff rice with a fork; stir in 1 TBSP butter\n(2 TBSP for 4 servings). Season with salt\nand pepper.\n• Divide rice between plates and top with\ntagine, almonds, and apricots. (TIP: Toast\nalmonds before adding if you like.) Drizzle\nwith lemon crema and chermoula.\nDrizzle with hot sauce if desired. Cut any\nremaining lemon into wedges and serve\non the side.\nServe chicken or turkey atop rice.\nGround Turkey is fully cooked when internal temperature reaches 165°."
    ],
    "servings": "2",
    "difficulty": "Medium"
}