{
    "id": "35216a53685b4c8f9be9fbeced6954bc",
    "name": "Carne rellena al horno",
    "country": "Argentina",
    "time": "Total: 2 h & 30' = 30' prep. + 2 h coc.",
    "link": "https://www.recetas.com/receta-de-Carne-rellena-al-horno-4557.html",
    "ingredients": [
        "1 peceto de 1 y ½ kgSalPimienta50 gr. de manteca1 lata de ananá (optativo)"
    ],
    "steps": [
        "Preparación:Desgrasar la carne, ahuecarla retirándole un trozo central. Salpimentarla. }",
        "Mezclar todos los ingredientes del relleno. Rellenar la carne con esta mezcla, coser su abertura y atar con varias vueltas de hilo para que quede con buena forma.",
        "Acomodar en una asadera limpia. Untarlo con manteca y cocinarlo de todos lados. Cubrirlo con el almíbar colado del ananá o si se prefiere una carne sin sabor dulzón, cubrirla con idéntica cantidad de caldo.",
        "Hornear a fuego mediano durante una hora y tres cuarto.",
        "Retirar la carne, cubrirla con el azúcar negra presionando con el revés de una cuchara para que se adhiera bien y llevarla nuevamente al horno hasta que quede acaramelado.",
        "Servir la carne en trozos, con el ananá calentado en su mismo jugo."
    ],
    "servings": "Comen 6",
    "difficulty": "Normal"
}