{
    "id": "3538908fc2b9433ba3ab452703409a6f",
    "name": "Pechugas Rellenas",
    "country": "Argentina",
    "time": "Total: 40' = 20' prep. + 20' coc.",
    "link": "https://www.recetas.com/receta-de-Pechugas-Rellenas-1227.html",
    "ingredients": [
        "4 pechugas de pollo4 tajadas de jamón York8 tajadas de queso mantecoso2 huevosSalPimientaHarina"
    ],
    "steps": [
        "Preparación:",
        "Deshuesar las pechugas y abrirlas al medio.",
        "Sobre una mitad, acomodar queso, jamón y otra vez queso. Tapar con la otra mitad, apretando con fuerza para que se se peguen",
        "Pasarlas por harina, huevo batido y pan rallado.",
        "Freír y acompañar con verduras a elección."
    ],
    "servings": "Comen 4",
    "difficulty": "Normal"
}