{
    "id": "35e32445cb0e4471984d6f5f0c7b4def",
    "name": "Ensalada mexicana",
    "country": "Mexico",
    "time": "Total: 30' = 30' prep. + - coc.",
    "link": "https://www.recetas.com/ensalada-mexicana.html",
    "ingredients": [
        "200 gr. de blanco de pavitaSalPimienta1 corazón de apio1 bulbo de hinojo, tierno1 limón jugoso1 yema1 cdta. de mostaza de Diyon3 cdas. soperas de nata1 cdta. de pimienta verde1/2 taza de aceite"
    ],
    "steps": [
        "Pulir y lavar las ramas de apio y el hinojo, cortar las primeras en rodajas oblicuas y el segundo en rodajas a lo alto y luego éstas en tiras.",
        "Lavar el limón, secarlo y rallar la cáscara finamente, solo la parte amarilla. Exprimir el limon y guardar el jugo.",
        "Mezclar la yema con una pizca de sal, pimienta recién molida, la ralladura de la cáscara y tres cucharaditas de jugo de limón, la mostaza, la nata y la pimienta verde aplastada.",
        "Incorporar el aceite, por gotas al principio, y luego en forma de hilo, siempre revolviendo, hasta tener una mayonesa espesa. Completar el aderezo con sal, pimienta y jugo de limón.",
        "Cortar la pechuga de pavita, en tiras y mezclarla con el apio e hinojo. Echar encima la salsa y mezclar en el momento de servir."
    ],
    "servings": "Comen 4",
    "difficulty": "Normal"
}