{
    "id": "36e5d8517e8e4db785f0bdea8d6016a2",
    "name": "Cerdo glaseado",
    "country": "Uruguay",
    "time": "Total: 1 h & 50' = 30' prep. + 1 h & 20' coc.",
    "link": "https://www.recetas.com/receta-de-Cerdo-glaseado-2733.html",
    "ingredients": [
        "1,5 kilo matambre cerdo"
    ],
    "steps": [
        "Preparación:",
        "Dejar en remojo la carne de cerdo con el vino, sal, pimienta, romero y ajo picado por 12 horas en la heladera. Retirar la carne, salarla a gusto, frotarle la mostaza y llevar al horno mediano ubicándola sobre un colchón de las verduras picadas groseramente. Bañar con el vino cada 20 minutos. Servir cada porcion cubierta de nueces, ciruelas y pasas picadas y acompañar con puré de papas cremoso y las verduras de la cocción."
    ],
    "servings": "Comen 4",
    "difficulty": "Normal"
}