{
    "id": "37b569d8c0ec4fcd8a878f7bd589cfa5",
    "name": "Pato a la naranja",
    "country": "Argentina",
    "time": "Total: 1 h & 40' = 50' prep. + 50' coc.",
    "link": "https://www.recetas.com/receta-de-Pato-a-la-naranja-3221.html",
    "ingredients": [
        "1 patoSalPimientaJugo de 1 limón3 naranjas1 cubo de caldo de gallina2 cdas de coñac o vino Oporto1 cdita de almidón de maiz2 terrones de azúcarBerros"
    ],
    "steps": [],
    "servings": "Comen 8",
    "difficulty": "Difícil"
}