{
    "id": "3840dd5c0f17479983431676dd3cba18",
    "name": "Aborrajados",
    "country": "Colombia",
    "time": "Total: 45' = 15' prep. + 30' coc.",
    "link": "https://www.recetas.com/receta-de-Aborrajados-7744.html",
    "ingredients": [
        "2 plátanos maduros2 huevos2 cdas. de leche4 cdas. de harina1 cdita. de azúcarQueso en cubosAceite para freír"
    ],
    "steps": [
        "Pele y parta los plátanos en trozos que no sean muy grandes, fríalos en el aceite bien caliente hasta que esten ligeramente dorados. Retire del fuego escurra en una toalla de papel y aplánelos como patacones.",
        "Forme una especie de sandwich con dos patacones y el queso en el centro, presione los bordes.",
        "Aparte, mezcle los huevos con lal harina, adicione la leche y el azúcar, pase los sandwich por la preparación y fríalos nuevamente en aceite bien caliente."
    ],
    "servings": "Comen 4",
    "difficulty": "Normal"
}