{
    "id": "3926c185f29e47838585a5fc416bb446",
    "name": "Quereme",
    "country": "Colombia",
    "time": "Total: 50' = - prep. + 50' coc.",
    "link": "https://www.recetas.com/receta-de-Quereme-1624.html",
    "ingredients": [
        "1 panela1 lt. de leche entera cortada1 astilla de canela"
    ],
    "steps": [
        "Preparación:",
        "Llevar la leche a ebullición y agregar la panela partida en trozos junto con la astilla de canela. Dejar cocer a fuego fuerte durante 45 minutos o hasta que la preparación se torne espesa. Colocar en moldes individuales y llevar a la nevera.Servir frío."
    ],
    "servings": "Comen 4",
    "difficulty": "Fácil"
}