{
    "id": "39dd1c7a2ebc4674b3bc3f2c5ba7d402",
    "name": "Pasta con pesto de tomates secos",
    "country": "Italia",
    "time": "Total: 20' = 10' prep. + 10' coc.",
    "link": "https://www.recetas.com/pasta-con-pesto-de-tomates-secos.html",
    "ingredients": [
        "Para el pesto de tomates secos:",
        "300 gr. de tomates secos en aceite",
        "50 gr. de piñones",
        "50 gr. de almendras peladas",
        "100gr. de aceite de oliva virgen extra",
        "1 chile (opcional)",
        "sal"
    ],
    "steps": [
        "Poner en la licuadora los tomates secos escurridos del aceite, las almendras, los piñones y el aceite, y licuar varias veces hasta obtener la consistencia preferida (cuanto más tiempo se licúe, más liso quedará el pesto), luego rectificar de sal.",
        "Cocinar la pasta, escurrirla al dente y mezclar con el pesto, el queso rallado y un poco del agua de cocción. Servir inmediatamente."
    ],
    "servings": "Comen 4",
    "difficulty": "Normal"
}