{
    "id": "3aba3b39dcc94fac8f8d500ed413cf48",
    "name": "Shrimp & Mushroom Penne",
    "country": "italy",
    "time": 20,
    "link": "https://www.hellofresh.com/recipes/shrimp-and-mushroom-penne-66f459ed4c65e1fd73e1bfbe",
    "ingredients": [
        "8 ounceButton Mushrooms",
        "2 unitScallions",
        "1 unitTomato",
        "¼ cupPanko Breadcrumbs(Contains  Wheat)",
        "1 teaspoonGarlic Powder",
        "1 unitMushroom Stock Concentrate",
        "4 tablespoonCream Cheese(Contains  Milk)",
        "3 tablespoonParmesan Cheese(Contains  Milk)",
        "2 gTruffle Seasoning",
        "6 ouncePenne Pasta(Contains  Wheat)",
        "10 ounceShrimp(Contains  Shellfish)",
        "Salt",
        "Pepper",
        "Olive Oil",
        "Butter(Contains  Milk)",
        "Cooking Oil"
    ],
    "steps": [
        "• Bring a medium pot of salted water to a\nboil. Wash and dry produce.\n• Trim and quarter mushrooms (skip if your\nmushrooms are pre-sliced!). Trim and thinly\nslice scallions, separating whites from\ngreens. Dice tomato.\nRinse shrimp* under cold water and pat\ndry with paper towels or open package of\nchicken* and drain off any excess liquid.\nSeason all over with salt and pepper.\nHeat a large drizzle of oil in a large pan\nover medium-high heat. Add shrimp or\nchicken; cook, stirring occasionally, until\ncooked through, 4-6 minutes. Turn off\nheat; transfer to a plate and cover to keep\nwarm. Wipe out pan.",
        "• Melt 1 TBSP butter (2 TBSP for 4 servings)\nin a large pan over medium-high heat.\nAdd panko; cook, stirring, until golden and\ntoasted, 2-3 minutes.\n• Stir in half the garlic powder (you’ll use the\nrest later). Cook until just fragrant, 30 seconds.\nSeason with salt and pepper. Turn off heat;\ntransfer to a small bowl. Wipe out pan.\nUse pan used for shrimp or chicken here.",
        "• Add penne to pot of boiling water.\nCook, stirring occasionally, until al dente,\n9-11 minutes. Drain.",
        "• While pasta cooks, heat a large drizzle of\nolive oil in same pan over medium-high\nheat. Stir in mushrooms and a pinch\nof salt. Cook, stirring occasionally, until\nbrowned and tender, 5-7 minutes. Reduce\nheat to medium.",
        "• Stir scallion whites, remaining garlic\npowder, and 1 TBSP butter (2 TBSP for\n4 servings) into pan with mushrooms.\nCook, stirring, until fragrant, 30 seconds.\n• Stir in stock concentrate, cream cheese,\nhalf the Parmesan (save the rest for\nserving), and 1/3 cup water (1⁄2 cup for 4).\nCook, stirring, until combined and creamy,\n2-3 minutes. Turn off heat.\n• Stir in tomato, another 1 TBSP butter (2 TBSP\nfor 4), and truffle seasoning to taste. Season\nwith salt and pepper.\nStir in shrimp or chicken along with\ntomato.",
        "• Stir drained penne into pan with sauce\nuntil thoroughly coated, adding water\na splash at a time until sauce reaches a\ncreamy consistency.\n• Divide between bowls; top with scallion\ngreens and remaining Parmesan. Sprinkle\nwith as much garlicky panko as you like\nand serve.\nChicken is fully cooked when internal temperature reaches 165°."
    ],
    "servings": "2",
    "difficulty": "Easy"
}