{
    "id": "3d5bfe30d7a147bb80fe18e759a0f59b",
    "name": "Gelatina sorpresa",
    "country": "Mexico",
    "time": "Total: 25' = 15' prep. + 10' coc.",
    "link": "https://www.recetas.com/receta-de-Gelatina-sorpresa-2524.html",
    "ingredients": [
        "1 paquete de gelatinade limon (grande)  1 sobre de de gelatina sin sabor1 limón (solo el jugo)1 lata de leche evaporada1 paquete de galletas Maria (molidas)250 gr. de mantequilla  Azúcar a gusto (aprox. 1/4 kg.)3/4 lt. de agua"
    ],
    "steps": [
        "Poner a hervir un litro de agua en una olla, una vez que rompa el hervor, retirar del fuego y agregar la gelatina de limón, revolviendo hasta que se integre bien, y luego agregar la gelatina sin sabor, previamente disuelta en una taza de agua tibia.",
        "Luego, agregar la leche evaporada, dejar enfriar durante dos horas en la heladera y licuar hasta que tome el doble de su consistencia. Al obtener la consistencia deseada, colocar en un molde para gelatina engrasado con mantequilla y galleta molida. Dejar en el refrigerador hasta que cuaje, y luego agregar como decoración más galleta molida sobre la superficie."
    ],
    "servings": "Comen 8",
    "difficulty": "Fácil"
}