{
    "id": "3e25e3acdd214dfc817eaf018a4e8666",
    "name": "Panqueque japonés esponjoso",
    "country": "Japón",
    "time": "Total: 30' = 20' prep. + 10' coc.",
    "link": "https://www.recetas.com/panqueque-japones-esponjoso.html",
    "ingredients": [
        "2 yemas20 ml de leche entera10 gr. de aceite neutro1/2 cucharadita de extracto de vainilla30 gr. de harina3 claras de huevo30 gr. de azúcar"
    ],
    "steps": [
        "Mezclar las yemas con la leche y el aceite con un batidor manual, agregar el extracto de vainilla y la harina tamizada poco a poco.",
        "Batir las claras hasta que estén firmes con una cucharadita de vinagre de vino y agregar gradualmente 30 gr. de azúcar.",
        "Incorporar lentamente las claras de huevo al preparado anterior, mezclando de abajo hacia arriba.",
        "En una sartén antiadherente muy caliente engrasada con un poco de mantequilla, verter un cucharón de la mezcla,cubrir y cocinar durante un par de minutos a fuego lento por ambos lados. Decorar al gusto y servir de inmediato.",
        "Nota: para obtener una forma perfectamente redonda, se pueden hornear usando un aro de pastelería redondo untado con mantequilla o forrado con papel para hornear."
    ],
    "servings": "Comen 4",
    "difficulty": "Normal"
}