{
    "id": "3ebecec27b8748b69c85718ef584e502",
    "name": "Tamales de choclo",
    "country": "Bolivia",
    "time": "Total: 1 h & 45' = 1 h prep. + 45' coc.",
    "link": "https://www.recetas.com/receta-de-Tamales-de-choclo-1364.html",
    "ingredients": [
        "10 mazorcas tiernas ralladas y cernidas3/4 de taza de cebolla larga 1/4 mantequilla blanda3 huevos 3/4 de taza de queso blanco 1 cdta. de polvo de hornearAjí picantePimentón2 cdas. de azúcarSal Pimienta"
    ],
    "steps": [
        "Rallar y cernir las mazorcas (choclos). Picar la cebolla. Batir los 3 huevos suavemente. Desmenuzar el queso blanco. Colocar todos los ingredientes en un bol y mezclar. Con una cuchara, rellenar las hojas del choclo, formando paquetitos.",
        "Cocinar al vapor por 45 min., colocando en una olla amplia con tapa."
    ],
    "servings": "Comen 6",
    "difficulty": "Fácil"
}