{
    "id": "3f8d217804fd40f79cd352c78f2b1e7d",
    "name": "Perfect sushi rice",
    "country": "japan",
    "time": "Preparation and cooking time Prep: 15 mins Cook: 15 mins plus soaking",
    "link": "https://www.bbcgoodfood.com/recipes/sushi-rice",
    "ingredients": [
        "120ml rice vinegar or brown rice vinegar",
        "3 tbsp sugar seasoning, to taste (optional)",
        "1 tbsp sea salt",
        "450g Japanese rice (3 Japanese cups)",
        "550g/ml water"
    ],
    "steps": [
        "step 1 To make the rice, first wash it thoroughly in a sieve for 2 mins, gently turning it over by hand until the water runs clear. Drain the rice and put it in a pan with 550ml water.",
        "step 2 Leave it to stand for a minimum of 30 mins. It can be left overnight, but for best results, leave it for 30 mins-1 hr. Bring the water in the pan to the boil, put the lid on, reduce the heat and simmer for 8-9 mins. Turn the heat off and let it stand with the lid on for a further 5 mins. Do not lift the lid.",
        "step 3 While the rice is cooking, to make the sushi-su, put the rice vinegar, sugar and salt into a small container and mix with a spoon until the sugar and salt have dissolved.",
        "step 4 Put the rice into a wide flat dish such as a sushi oke, a baking dish or a roasting tray. Pour the sushi-su over the rice and fold it carefully in with a wooden spoon as it cools down, being careful not to damage the grains. You can use a fan or a hairdryer on the coolest setting to speed up the cooling process, directing it at the rice. The sushi-su gives the rice more flavour and that familiar sticky glazed look.",
        "step 5 If you don’t want to use the rice immediately, cover it with a damp cloth so that it doesn’t dry out. Leave in a cool place for up to 2 hrs. Do not refrigerate as the fridge will make the rice dry and hard to shape. Once assembled, the sushi can be chilled for a day."
    ],
    "servings": "Serves 4",
    "difficulty": "Easy"
}