{
    "id": "3f94e3858ac349829ba80ab06c57bc34",
    "name": "Torta mousse de frutillas",
    "country": "Argentina",
    "time": "Total: 30' = 30' prep. + - coc.",
    "link": "https://www.recetas.com/receta-de-Torta-mousse-de-frutillas-2428.html",
    "ingredients": [
        "3 yemas de huevoJugo de 1/2 limón3/4 de taza de leche3/4 de taza de azúcar + 3 cdas. aparte2 cdas. de gelatina sin sabor en polvo1/3 de taza de agua fría3 claras de huevo 200 gr. de crema de leche batida (espesa)1/2 kg. de frutillas procesadas + algunas enteras para la decoraciónCrema chantilly para decoración Colorante vegetal2 discos de pionono para un molde Nº 24"
    ],
    "steps": [
        "Forre el fondo del molde desarmable con un disco de papel manteca (del mismo tamaño del diámetro del molde).",
        "Coloque un disco de pionono sobre el papel manteca del fondo (la parte más oscura del pionono boca abajo).",
        "Mezcle bien en una cacerola las yemas, el jugo de limón y los 3/4 de tazas de azúcar y leche. Una vez que todo se integre, lleve la cacerola al fuego y siga mezclando la preparación hasta que espese, evite que hierva.",
        "Una vez que retire la cacerola del fuego, hidrate con agua fria la gelatina y agréguela en la preparación caliente, mezclando hasta disolverla del todo.",
        "Cuele la crema para pasarla a un bol y agregue allí las frutillas procesadas (licuadas), mezcle bien y agregue un poquito de colorante rojo para acentuar el color.",
        "En un recipiente aparte, bata las claras a punto nieve y agregue de a poco las 3 cucharadas de azúcar hasta integrarlas por completo. Una vez lista, agregue la preparación a la crema de frutillas.",
        "Bata la crema de leche hasta alcanzar el medio punto y agréguela a la preparación anterior.",
        "Vierta la mezcla en el molde y deje estacionar en la heladera hasta que la superficie se ponga firme (pero continúe pegajosa), y recién allí, agregue el otro disco de pionono por encima.",
        "Estacionar en la nevera nuevamente, pero por un largo rato (preferentemente de un día para el otro)."
    ],
    "servings": "Comen 8",
    "difficulty": "Normal"
}