{
    "id": "3fd298d1167c48fb9ab33f0a70bce78d",
    "name": "Ensalada meridional",
    "country": "Italia",
    "time": "Total: 15' = 15' prep. + - coc.",
    "link": "https://www.recetas.com/receta-de-Ensalada-meridional-5023.html",
    "ingredients": [
        "300 gr. de fideos dedalitos cocidos al dente2 tomates pelados, sin semillas y cortados en dados1 limón cortado en rodajas 100 gr. de aceitunas negras sin carozo"
    ],
    "steps": [
        "Preparación:Ponga en un bol tomate, aceitunas negras y fideos.",
        "En otro, prepare la vinagreta con el aceite, jugo de limón, ajo, especias, sal y pimienta.",
        "Aderece la ensalada y sirva decorado con rodajas de limón."
    ],
    "servings": "Comen 4",
    "difficulty": "Fácil"
}