{
    "id": "403a1ca1314d4e2ba7129a23f8e0a607",
    "name": "Gnocchi pomodoro",
    "country": "italy",
    "time": "Preparation and cooking time Prep: 40 mins Cook: 1 hr and 25 mins",
    "link": "https://www.bbcgoodfood.com/recipes/gnocchi-pomodoro",
    "ingredients": [
        "rock salt for the tray",
        "1.5 kg Maris Piper potatoes",
        "375g pasta flour plus extra for dusting",
        "1 medium egg lightly beaten",
        "semolina for dusting",
        "3 x 400g cans chopped tomatoes",
        "3 tbsp extra virgin olive oil plus a drizzle to serve",
        "1 onion finely chopped",
        "1 garlic clove crushed",
        "¼ tsp chilli flakes",
        "1 tsp sugar",
        "bunch of herbs tied together (oregano, thyme and bay all work well)",
        "handful of basil leaves picked and torn",
        "ricotta salata pecorino or vegetarian alternative, finely grated, to serve"
    ],
    "steps": [
        "step 1 Heat the oven to 220C/200C fan/ gas 8. Tip a layer of rock salt onto a baking tray and sit the potatoes on top. Roast for 50 mins-1 hr or until tender when a cutlery knife is inserted. Leave to cool for 10 mins, then peel off the still warm skins. Pass the potatoes through a ricer or push through a sieve using a spoon onto a work surface, then leave to cool. Add the flour, egg and ½ tsp salt to the potato and gently bring everything together using your hands until you have a uniform dough – don’t overwork it. Divide the dough into four. Roll each piece into a long sausage on a lightly floured surface to around 2cm in diameter. Cut each one into 1.5-2cm nuggets. You can keep them like this or roll ridges onto to them with the back of a fork or a ridged pasta paddle. Set aside on a baking sheet dusted with semolina.",
        "step 2 For the sauce, blitz the canned tomatoes using a jug blender or hand blender . Heat the oil in a large pan over a low-medium heat, then add the onion and a pinch of salt and fry for 10-15 mins until softened and translucent. Tip in the garlic and chilli and cook for 1 min, then add the sugar, blitzed tomatoes and herbs, and bring to a simmer. Cook, uncovered, for 20 mins, stirring regularly. Season to taste.",
        "step 3 Bring a large pan of lightly salted water to the boil. Add the gnocchi in two batches and cook for 2-3 mins or until they bob to the surface. Drain the gnocchi in a colander, then toss in the pan with the tomato sauce. Spoon onto a large sharing plate, then top with the basil, grated cheese and a drizzle of olive oil. You can open-freeze the gnocchi on trays, then store in sandwich bags for up to three months, which can then be cooked for 3-5 mins from frozen."
    ],
    "servings": "Serves 6",
    "difficulty": "More effort"
}