{
    "id": "40779553c77344e6b25d0a2ea44f1ce9",
    "name": "Smoky Spanish Rice with Shrimp",
    "country": "spain",
    "time": 35,
    "link": "https://www.hellofresh.com/recipes/smoky-spanish-rice-with-shrimp-6398d0e53c7cc896170b1ad0",
    "ingredients": [
        "1 cloveGarlic",
        "1 unitLemon",
        "4 ounceGrape Tomatoes",
        "¼ ounceParsley",
        "¾ cupArborio Rice",
        "4 ounceRoasted Red Pepper Spread",
        "1 teaspoonSmoked Paprika",
        "1 teaspoonTurmeric",
        "2 unitSeafood Stock Concentrate(Contains  Fish, Shellfish)",
        "2 tablespoonMayonnaise(Contains  Eggs)",
        "10 ounceShrimp(Contains  Shellfish)",
        "4 ouncePeas",
        "4 teaspoonOlive Oil",
        "Salt",
        "Pepper"
    ],
    "steps": [
        "• Wash and dry produce.\n• Peel and mince garlic. Quarter lemon.\nHalve tomatoes. Roughly chop parsley.",
        "• Heat a large drizzle of olive oil in a\nlarge pan over medium-high heat.\nStir rice, red pepper spread, half the\npaprika (you’ll use the rest later), half\nthe turmeric (all for 4 servings), and\nhalf the garlic into pan; cook, stirring,\nuntil fragrant, 30-60 seconds.\n• Stir in 3 cups water (6 cups for 4),\nstock concentrates, and salt. Bring\nto a boil. Cook, stirring occasionally,\nuntil liquid has evaporated and\nrice is tender, 15-20 minutes. (TIP:\nFor a paella-like crust, cook rice\nundisturbed. Add a splash more water\nif liquid evaporates before rice is fully\ncooked.) Keep covered off heat until\nready to serve.",
        "• While rice cooks, in a small bowl,\ncombine mayonnaise, a squeeze of\nlemon (two squeezes for 4 servings),\nand a pinch of garlic to taste. Add\nwater 1 tsp at a time until aioli reaches\na drizzling consistency. Season with\nsalt and pepper.",
        "• Rinse shrimp* under cold water, then\npat dry with paper towels. Season all\nover with remaining paprika, salt, and\npepper. Set aside.",
        "• When rice is almost done, heat a large\ndrizzle of olive oil in a second large\npan over high heat. Once pan is hot,\nadd tomatoes and cook, undisturbed,\nuntil lightly charred, 1-2 minutes.\n• Add seasoned shrimp and stir to\ncombine. Cook, stirring occasionally,\nuntil shrimp are opaque and cooked\nthrough, 3-4 minutes.",
        "• Fluff rice with a fork; stir in peas.\nSeason with salt and pepper to taste.\n• Divide Spanish rice between plates\nand top with shrimp mixture. Drizzle\nwith aioli and sprinkle with parsley.\nServe with remaining lemon wedges\non the side. TIP: Serve directly from pan\nfor a family-style paella experience.\nShrimp are fully cooked when internal temperature reaches 145°"
    ],
    "servings": "2",
    "difficulty": "Medium"
}