{
    "id": "40d9e9ecfc554ee8a654e412d42a7055",
    "name": "Brochetas de pollo con gremolata",
    "country": "Italia",
    "time": "Total: 2 h & 17' = 2 h & 7' prep. + 10' coc.",
    "link": "https://www.recetas.com/brochetas-de-pollo-con-gremolata.html",
    "ingredients": [
        "Para la marinada:1 cda. orégano fresco 100 cc de aceite de oliva 1 diente de ajo Jugo de 2 limones"
    ],
    "steps": [
        "Mezclar el jugo de limón con el aceite de oliva, agegar los ajos picafos y el orégano. Revolver y reservar.",
        "Corte las pechugas de pollo a lo largo, en tiras de 2 cm de ancho. Aplane las tiras un batidor de carne y colóquelas dentro de la marinada. Lleve a la heladera 2 horas como mínimo.",
        "Mientras tanto, hidrate en agua los pinchos de madera para brocheta, para que no se quemen cuando vayan a la parrilla.",
        "Escurra el pollo de la marinada e inserte cada tira en una brocheta; grille de ambos lados.",
        "Prepare la gremolata: para ello, mezcle todos los ingredientes, condimentando con sal y pimienta.Sirva acompañado por la gremolata."
    ],
    "servings": "Comen 6",
    "difficulty": "Normal"
}