{
    "id": "40f47986eb084c39aec008c2b32c6f67",
    "name": "Lomo Felix",
    "country": "Argentina",
    "time": "Total: 2 h = 1 h & 10' prep. + 50' coc.",
    "link": "https://www.recetas.com/receta-de-Lomo-Felix-7637.html",
    "ingredients": [
        "1 y 1/12 kgr. de lomo de ternera1 vaso de vino blancoSal Pimienta50 gr. de margarina3 cdas.  de aceite 150 gr. de jamón cocido 50 gr. de manteca2 cdas.  de fécula de maíz1/2 litro de leche1 lata de choclo cremoso2 yemas1 cdta.  de nuez moscada4 cdas.  de queso rallado2 cdas.  de margarina derretida"
    ],
    "steps": [],
    "servings": "Comen 6",
    "difficulty": "Normal"
}