{
    "id": "41074db8c482419496fffc27ce635fce",
    "name": "Japanese-style beef bowl",
    "country": "japan",
    "time": "Preparation and cooking time Prep: 5 mins Cook: 10 mins",
    "link": "https://www.bbcgoodfood.com/recipes/japanese-style-beef-bowl",
    "ingredients": [
        "1 tbsp olive oil",
        "1 onion thickly sliced",
        "250g thin cut  steak or frying steak, thinly sliced",
        "4 tbsp teriyaki sauce",
        "1 tbsp finely grated  ginger",
        "1 garlic clove finely grated",
        "250g pouch microwave long grain rice",
        "2 spring onions sliced",
        "pickled ginger to serve (optional)"
    ],
    "steps": [
        "step 1 Heat the oil in a frying pan and cook the onion for 5 mins over a medium heat until soft. Turn up the heat and add the steak to the pan. Stir-fry with the onion for 2 mins. Mix together the teriyaki sauce, ginger and garlic, and stir into the meat with 1 tbsp water. Cook for 1-2 mins more, then remove from the heat.",
        "step 2 Cook rice following pack instructions, then divide between 2 bowls. Spoon over the meat, onions and any sauce, then top with the spring onions. Serve with some pickled ginger, if you like."
    ],
    "servings": "Serves 2",
    "difficulty": "Easy"
}