{
    "id": "41a11822b60345f98f0bdaa9495cbc9f",
    "name": "Pollo a la parmesana",
    "country": "Colombia",
    "time": "Total: 25' = 15' prep. + 10' coc.",
    "link": "https://www.recetas.com/receta-de-Pollo-a-la-parmesana-2525.html",
    "ingredients": [
        "6 filetes de pollo Sal y pimienta a gusto Salsa negra 1 paquete de queso parmesano2 huevos batidos Hierbas mixtas deshidratadas"
    ],
    "steps": [
        "Adobar cada filete con salsa negra, sal y pimienta.",
        "En una sartén con un poco de aceite, colocar los filetes dejándolos unos minutos para sellarlos y que así conserven sus jugos.",
        "Pasar cada filete por los huevos batidos condimentados con sal, pimienta y un poco de hierbas mixtas deshidratadas. Luego pasarlos por abundante queso parmesano, procurando que queden bien apanados.",
        "Llevarlos por 15 minutos al refrigerador para fijar bien el apanado y freírlos en aceite caliente hasta que se doren."
    ],
    "servings": "Comen 6",
    "difficulty": "Fácil"
}