{
    "id": "41c1f18789984002a91fba5abc926596",
    "name": "Black bean & prawn quesadillas",
    "country": "mexico",
    "time": "Preparation and cooking time Prep: 15 mins Cook: 20 mins",
    "link": "https://www.bbcgoodfood.com/recipes/black-bean-prawn-quesadillas",
    "ingredients": [
        "1 tbsp olive oil",
        "1 onion finely sliced",
        "1 red pepper thinly sliced",
        "150g raw king prawns",
        "1 large garlic clove crushed",
        "2 tsp hot smoked paprika",
        "½ small bunch coriander roughly chopped",
        "½ x 400g can black beans drained",
        "2 large flour tortillas",
        "80g grated mozzarella",
        "mixed salad and hot sauce, to serve (optional)"
    ],
    "steps": [
        "step 1 Heat the oil in a large frying pan over a medium heat, add the onion and pepper and fry for 10 mins or until the onions have softened and are beginning to turn golden brown. Tip in the prawns and cook for 3 mins, then add the garlic and paprika and fry for another min. Stir through the coriander and beans, then season.",
        "step 2 Heat a large non-stick frying pan or griddle pan over a high heat. Put one of the tortillas in the pan, then pile on the black bean and prawn mixture followed by the cheese. Press the other tortilla firmly on top, then use something heavy like a saucepan to weigh everything down. Leave to cook for 1-2 mins. Carefully flip over, weigh down again and cook for another 1-2 mins. Cut into four and serve with hot sauce and salad, if you like."
    ],
    "servings": "Serves 2",
    "difficulty": "Easy"
}