{
    "id": "43de3a7e45a942e6ab24574a6a28ccb7",
    "name": "Terrina de maíz",
    "country": "Argentina",
    "time": "Total: 1 h & 30' = 30' prep. + 1 h coc.",
    "link": "https://www.recetas.com/terrina-de-maiz.html",
    "ingredients": [
        "2 tazas de maíz desgranado4 huevos2 yemasSal y pimienta a gusto3/4 de taza de nata1/2 taza de queso parmesano rallado"
    ],
    "steps": [
        "Untar con mantequilla o aceite un molde de 22 cm de diámetro. Forrarlo con papel aluminio aceitado, reservar.",
        "Procesar el maíz. Reservar.",
        "Batir los huevos con las yemas, sal, pimienta y la nata. Incorporar el maíz procesado y el queso.",
        "Verter la preparación en el molde reservado y llevar a horno, a baño María, una hora o hasta que la preparación esté firme y al colocar un palillo salga limpio.",
        "Retirar del horno y del agua y dejar reposar unos 10 a 15 minutos antes de desmoldar.",
        "Para el coulis de tomate: procesar los tomates con el vinagre, el aceite, sal y pimienta. Condimentar con la albahaca picada, si quiere, agregar el ajo picado y verter en una salsera.",
        "Servir la terrina de maíz a temperatura ambiente con el coulis de tomate."
    ],
    "servings": "Comen 12",
    "difficulty": "Normal"
}