{
    "id": "44035eef52994bf2a5e7dbd3a026bbd2",
    "name": "Ossobuco guisado",
    "country": "Italia",
    "time": "Total: 2 h & 20' = 20' prep. + 2 h coc.",
    "link": "https://www.recetas.com/ossobuco-guisado.html",
    "ingredients": [
        "6 trozos de ossobucoHarina2 puerros2 zanahorias2 cebollas1 rama de apio100 gr. de panceta magra4 cdas. de aceite50 gr. de mantequilla1 hoja de laurel1 brizna de tomillo1/2 vaso de vino blanco seco1 cda. de extracto de tomate1 taza de caldoSalPimientaPerejilAjo y piel de limónChampiñones (optativo)"
    ],
    "steps": [
        "Saltee lo blanco de los puerros y del apio, las zanahorias y la cebollas, todo picado, en una cda. de aceite.",
        "Por otra parte, salpimiente y pase las rodajas de ossobuco per harina y dórelas en aceito y mantequilla, de ambos lados. Agregue las verduras salteadas, moje con el vino blanco y cueza sin tapar, pasta que el líquido se reduzca bastante.",
        "Añada entonces el extracto y el caldo y cueza durante una hora y cuarto más, en el recipiente tapado.",
        "Retire las tajadas de ossobuco y póngalas en una fuente; pase la salsa de cocción por tamiz, agregue los champiñones previamente salteados en mantequilla y cueza unos minutos.",
        "Vierta sobre la carne y sirva; puede servir con un picado de perejil y ajo y piel de limon rallada."
    ],
    "servings": "Comen 6",
    "difficulty": "Normal"
}