{
    "id": "441faff2f3de4edf981ef2bc8ea6272e",
    "name": "Torta de limón",
    "country": "Argentina",
    "time": "Total: 1 h & 15' = 15' prep. + 1 h coc.",
    "link": "https://www.recetas.com/receta-de-Torta-de-limon-4445.html",
    "ingredients": [
        "Para la torta:200 gr. de harina4 yemas4 claras180 gr. de azúcar impalpable60 gr. de manteca50 gr. de limón confitadoCáscara rallada de 1 limón"
    ],
    "steps": [
        "Torta: en un bol batir las yemas con el azúcar impalpable, la cáscara de limón y una pizca de sal, hasta obtener una mezcla espumosa. Agregar la manteca a temperatura ambiente, la harina, el limón confitado cortado en cubitos. Añadir las claras previamente batidas a nieve. Mezclar a mano incorporándolas de a poco a la preparación.",
        "Verter la mezcla en un molde redondo ligeramente enmantecado. Cocinar en horno precalentado a temperatura medio baja por aproximadamente 40 minutos Terminada la cocción, dejar entibiar y desmoldar la torta.Merengue: batir las claras a nieve con el azúcar, la pizca de sal y ralladura de limón hasta obtener una consistencia firme. Con una espátula, untar el merengue sobre toda la superficie de la torta.",
        "Colocar la torta en el horno a temperatura media, por aproximadamente 15-20 minutos."
    ],
    "servings": "Comen 6",
    "difficulty": "Normal"
}