{
    "id": "4490703e6ab6490984229374d3d5227e",
    "name": "Pizza para divertir a los niños",
    "country": "España",
    "time": "Total: 50' = 30' prep. + 20' coc.",
    "link": "https://www.recetas.com/receta-de-Pizza-para-divertir-a-los-ninos-3617.html",
    "ingredients": [
        "2 bases de pizza2 tomates6 cuch. de salsa de tomate6 lonchas de jamón cocido2 champiñones2 huevos cocidos4 salchichas2 aceitunasMozzarella"
    ],
    "steps": [
        "Preparación:Reparte la salsa de tomate sobre la bases de las pizzas. Coloca sobre ellas rodajas muy finas de tomate. Agrégales un poco de sal. Cubre los tomates con lonchas de jamón cocido y espolvorea con abundante mozzarella rallada.Decora las pizzas como si fueran caras:Puedes usar la clara de huevo cocido para hacer una nariz.Con dos rodajas de huevo (clara con yema) puedes hacer los ojos.Con una salchicha partida por la mitad y troceada haz el pelo.Con otra salchicha puedes hacer la boca e incluso agregarle un bigote.Para hacer las orejas puedes utilizar mitades de champiñon.",
        "Una vez decoradas, Hornea las pizzas a 170-180 grados durante unos 15 o 20 minutos. Por último, coloca un trozo de aceituna en cada ojo, espolvorea con perejil picado y sirve."
    ],
    "servings": "Comen 4",
    "difficulty": "Fácil"
}