{
    "id": "44dbf258053c42c4932d9068a3817b07",
    "name": "Smoked paprika paella with cod & peas",
    "country": "spain",
    "time": "Preparation and cooking time Prep: 15 mins Cook: 40 mins",
    "link": "https://www.bbcgoodfood.com/recipes/smoked-paprika-paella-cod-peas",
    "ingredients": [
        "1 tbsp rapeseed oil",
        "1 onion finely chopped",
        "2 garlic cloves chopped",
        "100g brown basmati rice",
        "1 tsp turmeric",
        "1 tsp smoked paprika",
        "500ml reduced-salt vegetable bouillon",
        "1large red pepper deseeded and chopped",
        "1large courgette diced",
        "125g frozen peas",
        "300g pack skinless Atlantic cod loins, cut into large chunks",
        "⅓ small pack parsley chopped",
        "½ lemon cut into wedges"
    ],
    "steps": [
        "step 1 Heat the oil in a non-stick frying pan over a medium-high heat and fry the onion and garlic for a couple of mins to soften. Add the rice and spices, stir briefly, then pour in the bouillon and add the pepper. Cover the pan, reduce the heat and leave to simmer for 20 mins. Stir in the courgette, cover and cook for 10 mins more.",
        "step 2 Add the peas and cod, cover the pan and cook for 10 mins more until the rice is cooked and the liquid has been absorbed. Toss with the parsley and serve with lemon wedges."
    ],
    "servings": "Serves 2",
    "difficulty": "Easy"
}