{
    "id": "452437200623455eb1cdb6f50e5a3b11",
    "name": "Mini salmon & dill puffs",
    "country": "sweden",
    "time": "Preparation and cooking time Prep: 20 mins Cook: 30 mins",
    "link": "https://www.bbcgoodfood.com/recipes/mini-salmon-dill-puffs",
    "ingredients": [
        "185g pack poached salmon fillets",
        "200g full-fat soft cheese",
        "small handful chopped dill",
        "375g sheet puff pastry",
        "1 eggs beaten"
    ],
    "steps": [
        "step 1 In a food processor, pulse the salmon, soft cheese, dill and a little seasoning until just combined. Unroll a sheet of puff pastry and cut into 3 pieces lengthways. Divide the filling along the middle of each piece, brush borders with beaten egg, then fold up and seal.",
        "step 2 Cut each roll into 8-10 bite-size pieces, then place on a baking tray lined with baking parchment, cover with cling film and freeze. To serve, glaze with beaten egg and cook at 200C/180C fan/gas 6 for 25-30 mins until puffed and golden."
    ],
    "servings": "Serves 24 - 30",
    "difficulty": "Easy"
}