{
    "id": "45ef4877aa914399b1db1d4b7b51cad9",
    "name": "Leek, bacon & mustard quesadilla",
    "country": "mexico",
    "time": "Preparation and cooking time Prep: 10 mins Cook: 15 mins plus cooling",
    "link": "https://www.bbcgoodfood.com/recipes/leek-bacon-mustard-quesadilla",
    "ingredients": [
        "1 tbsp butter",
        "1 large leek sliced",
        "3 smoked streaky bacon rashers, chopped",
        "1 tbsp wholegrain mustard",
        "1 tbsp chopped parsley",
        "30g mature cheddar grated",
        "30g mozzarella grated",
        "2 large flour tortillas"
    ],
    "steps": [
        "step 1 Heat the butter in a small frying pan set over a medium heat. Fry the leek for 10 mins until softened. Transfer to a bowl and leave to cool for 15 mins. Fry the bacon in the pan for 5 mins, or until crisp. Mix the leeks with the mustard, parsley, cheddar and mozzarella. Spread the mixture over 1 tortilla and top with the bacon and second tortilla.",
        "step 2 Heat a frying pan over a high heat. When hot, add the quesadilla and cook for 2 mins on one side. Turn it over and cook for 1-2 mins more, or until the cheese is melted. Cut into four."
    ],
    "servings": "Serves 2",
    "difficulty": "Easy"
}