{
    "id": "4612359d12884cf89ef35bf31dff84dd",
    "name": "Papas a lo pobre with chorizo",
    "country": "spain",
    "time": "Preparation and cooking time Prep: 20 mins Cook: 10 mins",
    "link": "https://www.bbcgoodfood.com/recipes/papas-lo-pobre-chorizo",
    "ingredients": [
        "100g cooking chorizo cut into pieces",
        "2 tbsp extra virgin olive oil",
        "400g boiled potatoes slightly crushed",
        "garlic cloves crushed in their skins",
        "2 rosemary sprigs",
        "2 eggs",
        "2 parsley sprigs, leaves picked and chopped",
        "smoked paprika to taste"
    ],
    "steps": [
        "step 1 Fry the chorizo in the olive oil with the crushed potatoes, garlic and rosemary. Allow the chorizo to form a crust before turning.",
        "step 2 Meanwhile, fry the eggs the way you like them. Mix the potatoes with the parsley and a light dusting of smoked paprika. Serve the eggs on top of the potatoes with a further dusting of paprika, if you like."
    ],
    "servings": "Serves 2",
    "difficulty": "Easy"
}