{
    "id": "49118b6230d946c8b2fe1bc9e32f55fa",
    "name": "Torta americana de zanahorias",
    "country": "Brasil",
    "time": "Total: 1 h = 10' prep. + 50' coc.",
    "link": "https://www.recetas.com/receta-de-Torta-americana-de-zanahorias-2593.html",
    "ingredients": [
        "1 taza de harina1 taza de azúcar1 cdta. de polvo de hornear1 cdta. de bicarbonato de soda1/2 cdta. de sal1/2 cdta. de canela1/2 cdta. de vainilla2/3 taza de aceite1 taza y 1/2 de zanahoria rallada1 taza de nueces picadas2 huevos"
    ],
    "steps": [
        "Mezclar en un bol la harina, azúcar, polvo de hornear, bicarbonato, sal, canela y la vainilla. Por otra parte, mezclar el aceite, la zanahoria rallada, las nueces picadas y los huevos. Agregar la mezcla líquida a la sólida, y mezclar sin batir. Luego, colocar en un molde enmantecado y llevar a horno moderado durante 50 minutos aproximadamente.",
        "Desmoldar luego y bañar con la siguiente preparación: mezclar el queso Philadelphia con el azúcar impalpable, la ralladura de limón, la vainilla y el licor."
    ],
    "servings": "Comen 6",
    "difficulty": "Normal"
}