{
    "id": "49977c3b8b6644e88ae8805817c7d110",
    "name": "Ensalada de pollo con salsa de jamón y champiñones",
    "country": "España",
    "time": "Total: 35' = 15' prep. + 20' coc.",
    "link": "https://www.recetas.com/receta-de-Ensalada-de-pollo-con-salsa-de-jamon-y-champinones-2251.html",
    "ingredients": [
        "LechugaPepinoTomateAceitunasMaíz dulceQuesoPechuga de pollo guisadaJamon serranoChampiñonesAceite2 dientes de ajoNata"
    ],
    "steps": [
        "Deshuesar la pechuga y cortar en pequeños trozitos.Preparar las verduras, limpiándolas y cortándolas, en pequeños trozos",
        "Colocar estos cuatro ingredientes en un recipiente y añadir el maíz y las aceitunas.",
        "Saltea el ajo picado en una sartén aceitada. Agregar el jamón picado y saltear un momento sin dejar que se dore el ajo.",
        "Picar los hongos y mezclar con la nata para luego agregarlos a la cocción junto con el queso, pero fuera del fuego.",
        "Remover bien la preparación y llevar al refrigerador.",
        "Servir la ensalada mezclandola con un chorro de aceite y vinagre y vertir la cantidad que guste de salsa."
    ],
    "servings": "Comen 4",
    "difficulty": "Normal"
}