{
    "id": "4a4710139d164340ab74517257b75dab",
    "name": "Frijoles",
    "country": "Colombia",
    "time": "Total: 3 h & 7' = 1 h prep. + 2 h & 7' coc.",
    "link": "https://www.recetas.com/receta-de-Frijoles-1610.html",
    "ingredients": [
        "250 gr. de cuero de cerdo picado 250 gr. de pezuña de cerdo picada 2 plátanos verdes, pelado y picados  1 taza de Hogao, licuado o molido 1 zanahoria rallada 100 gr. de ahuyama pelada y picada 1 plátano maduro, pelado y picado unidadSal y comino al gusto 500 gr. de frijoles rojos"
    ],
    "steps": [
        "Poner los frijoles rojos en un recipiente, cubrirlos con agua y dejarlos en remojo durante aproximadamente 8 horas.Transcurrido el tiempo de remojo, escurrir los frijoles, ponerlos en una olla grande, cubrirlos de nuevo con abundante agua, agregar el cuero y la pezuña de cerdo y cocinarlos a fuego bajo, durante aproximadamente unas 2:30 hs. o hasta que los frijoles estén tiernos.",
        "A continuación, añadir los plátanos verdes, sal y comino al gusto, revolver para mezclar bien y cocinar, a fuego medio, durante 30 minutos más.Seguidamente, incorporar el Hogao (reservando aparte un poco), la zanahoria, la ahuyama y el plátano maduro y revolver con una cuchara de madera, continuando la cocción a fuego bajo hasta que todo esté tierno.Por último, distribuir por encima de los frijoles el hogao reservado anteriormente y servirlos bien calientes."
    ],
    "servings": "Comen 8",
    "difficulty": "Normal"
}