{
    "id": "4b57643d715143d4802f4e0f74d8a649",
    "name": "Torta mousse de chocolate",
    "country": "España",
    "time": "Total: 1 h & 30' = 1 h prep. + 30' coc.",
    "link": "https://www.recetas.com/receta-de-Torta-mousse-de-chocolate-3809.html",
    "ingredients": [
        "400 gr. de crema inglesa 600 gr. de cobertura de chocolate con leche 8 gr. de hojas de gelatina 600 gr. de nata Bizcocho planchaCrema chantilly para decorar"
    ],
    "steps": [
        "Preparación:",
        "Batir la crema de leche a medio punto.",
        "Fundir la cobertura de chocolate al microondas.",
        "Remojar las hojas de gelatina en agua fría (2 minutos más o menos).",
        "Añadir la gelatina a la crema inglesa y remover. Agregar la cobertura de chocolate y mezclar bien.",
        "Añadir ¾ partes de la crema de leche y mezclar. Añadir el resto de la crema de leche sin dejar de batir.",
        "En un molde redondo sin suelo, poner un poco de la mezcla y dejar enfriar.",
        "Cuando este un poco frío acomodar una plancha de bizcocho de forma redonda, pero que sea más pequeña que el recipiente, volcar por encima el resto de la preparación y poner a enfriar.",
        "Espolvorear con cacao en polvo y decorar con un poco de crema chantilly antes de servir."
    ],
    "servings": "Comen 8",
    "difficulty": "Normal"
}