{
    "id": "4b7adcc0d03a42c98d6afd6c55e08868",
    "name": "Pollo agridulce",
    "country": "Argentina",
    "time": "Total: 1 h = 20' prep. + 40' coc.",
    "link": "https://www.recetas.com/receta-de-Pollo-agridulce-3583.html",
    "ingredients": [
        "4 supremas cortadas en cubos1 cebolla picada gruesa1 ají cubeteado4 rodajas de ananá al natural"
    ],
    "steps": [
        "Preparación:En un sartén colocar el rocío vegetal en cantidad abundante y dorar en ella los cubos de pollo. Salpimentar y reservar.Posteriormente, agregando un poco más de rocío vegetal en el sartén, dorar primerlo la cebolla, luego el ají y una vez que estén tiernos agregar el pollo.Incorporar un vaso del jugo de ananá mezclado con la salsa de soja y el aceto.Tapar y cocinar durante unos 20 minutos.Pasado este tiempo agregar las rodajas de ananá, añadir un poco más de sal y en caso de querer una salsa más consistente añadir la cucharadita de fécula de maíz disuelta en agua y revolver bien.Cocinar todo junto durante unos 5 minutos más y servir bien caliente."
    ],
    "servings": "Comen 4",
    "difficulty": "Fácil"
}