{
    "id": "4bbd638dbde941a6b6054b3d2f6c0f6e",
    "name": "Mousse de bananas tropical",
    "country": "Brasil",
    "time": "Total: 20' = 20' prep. + - coc.",
    "link": "https://www.recetas.com/receta-de-Mousse-de-bananas-tropical-4394.html",
    "ingredients": [
        "6 bananas maduras6 cdas. de azúcar½ cdta. de canela 1 cda. de ron250 gr. de crema de leche"
    ],
    "steps": [
        "Preparación:Pele las bananas y quíteles cuidadosamente los hilos.",
        "Lícuelas o páselas por cedazo, agregue el azúcar, la canela y el ron.",
        "Bata la crema en chantilly, añádala suavemente a la crema de bananas.",
        "Sirva la mousse en copas, adornda con frutillas, lengüitas de gato u obleas."
    ],
    "servings": "Comen 6",
    "difficulty": "Fácil"
}