{
    "id": "4c3636df3ef2481ab663ab078abc6403",
    "name": "Cerdo con maíz tierno",
    "country": "Colombia",
    "time": "Total: 40' = 20' prep. + 20' coc.",
    "link": "https://www.recetas.com/receta-de-Cerdo-con-maiz-tierno-7563.html",
    "ingredients": [
        "1 lb. de maíz tierno2 lb. de carne de cerdo1 taza de leche2 cdas. de mantequillaQueso parmesano a gusto"
    ],
    "steps": [
        "Cortar el cerdo en trozitos, sofreírlo en una sartén hasta que esté bien cocido.",
        "En otra sartén, mezclar el maíz tierno con la mantequilla y dejar dorar un poco, agregar la leche y dejar cocinar hasta espesar un poco.",
        "Incorporar la carne de cerdo y mezclar sobre fuego bajo para amalgamar los sabores.",
        "Al momento de servir, puede agregarse un poco de queso parmesano."
    ],
    "servings": "Comen 6",
    "difficulty": "Fácil"
}