{
    "id": "4f547566917042819f57ffdcc9ea561c",
    "name": "Pasta a la marinera (España)",
    "country": "España",
    "time": "Total: 1 h = 15' prep. + 45' coc.",
    "link": "https://www.recetas.com/receta-de-Pasta-a-la-marinera-(Espana)-2712.html",
    "ingredients": [
        "500 gramos de lacitos1 kilo de chirlas1 kilo de tomates1 pimiento"
    ],
    "steps": [
        "Preparación:",
        "Se limpian las chirlas cambiándolas de agua tres o cuatro veces. Se cuecen y se les quitan las conchas.El agua de la cocción se reserva. Con este agua una vez puesta la sal, se cuece la pasta (20 minutos). Se hace un sofrito con la cebolla, el pimiento, esto finamente picado y el tomate, se le añade una cucharada de azúcar para quitar la acidez y un poquito de orégano.Se quita el agua a la pasta y se pone esta en una cacerola con la mantequilla al fuego. Se marean hasta la total disolución de la mantequilla.Se le añade el sofrito hecho previamente y las chirlas."
    ],
    "servings": "Comen 6",
    "difficulty": "Normal"
}