{
    "id": "52ab8e8b8ec24d3aac1032042a967a96",
    "name": "Zanahorias a la crema",
    "country": "Argentina",
    "time": "Total: 40' = 25' prep. + 15' coc.",
    "link": "https://www.recetas.com/receta-de-Zanahorias-a-la-crema-3646.html",
    "ingredients": [
        "800 gr. de zanahorias  1 lt. de crema de leche  30 gr.de margarina  Sal y pimienta"
    ],
    "steps": [
        "Preparación:",
        "Pelar y cortar las zanahorias en bastones. Posteriormente las rehogamos en una olla a fuego lento con la margarina durante 1 minuto.",
        "A continuación agregamos la crema, salpimentamos y cocinamos a fuego lento hasta que las zanahorias estén bien tiernas.",
        "Al momento de servir espolvoreamos las zanahorias a la crema con un poco de perejil picado."
    ],
    "servings": "Comen 4",
    "difficulty": "Fácil"
}