{
    "id": "5501abc1a8aa43668f1e2d52faa9f36d",
    "name": "Classic chicken ramen",
    "country": "japan",
    "time": "Preparation and cooking time Prep: 5 mins Cook: 10 mins",
    "link": "https://www.bbcgoodfood.com/recipes/classic-chicken-ramen",
    "ingredients": [
        "2 skinless chicken breasts",
        "2 handfuls of stir-fry vegetables (about 200g)",
        "200g ramen noodles",
        "1 egg",
        "500ml chicken ramen broth",
        "finely chopped chives to serve",
        "chilli flakes to serve"
    ],
    "steps": [
        "step 1 Heat a griddle or large frying pan over a medium heat and cook the chicken breasts for 5-7 mins until golden. Turn over and cook for another 4-5 mins until cooked through. Thinly slice and set aside. Cook the stir-fry veg in the pan for 2 mins until softened slightly.",
        "step 2 Meanwhile, cook the noodles in a pan of boiling water following pack instructions, adding the egg to the pan for 5-6 mins (depending on how runny you like the yolk). Drain and set aside. Peel the egg, cut in half and set aside.",
        "step 3 Warm the broth in a saucepan over a medium heat until piping hot, being careful not to let it boil.",
        "step 4 Divide the noodles between two deep bowls, then top with the stir-fry veg, sliced chicken, egg halves and broth. Scatter over the chives and chilli flakes to serve."
    ],
    "servings": "Serves 2",
    "difficulty": "Easy"
}