{
    "id": "553e1f0dccd6420196e84d4110ce98c6",
    "name": "Ensalada Oscar",
    "country": "Argentina",
    "time": "Total: 40' = 20' prep. + 20' coc.",
    "link": "https://www.recetas.com/receta-de-Ensalada-Oscar-6117.html",
    "ingredients": [
        "1 lechuga Rizada          1/2 kg. de tomates cherry8 rabanitos1 zanahoria ralladaAlbahaca frescaSalPimientaAceiteVinagre o Aceto"
    ],
    "steps": [
        "Lavar bien todas las verduras y escurrirlas bien para quitar el agua sobrante.",
        "Una vez listas, cortar los tomates en rodajas mas o menos del mismo tamaño, los rabanitos cortalos en 4 mitades y en rodajas de manera tal que queden pequeños triángulos, cortar la lechuga, picar la albahaca y rallar la zanahoria.",
        "Colocar todos los ingredientes en un bol o ensaladera y condimentar con sal, pimienta, aceite y aceto balsámico o vinagre de manzana.",
        "Mezclar bien todo y servir."
    ],
    "servings": "Comen 4",
    "difficulty": "Fácil"
}