{
    "id": "55d5a2ebc2134604991c3e4e226e2e95",
    "name": "Nachos",
    "country": "mexico",
    "time": "Preparation and cooking time Total time 5 mins",
    "link": "https://www.bbcgoodfood.com/recipes/speedy-nachos",
    "ingredients": [
        "175g packet plain tortilla chips",
        "225g jar salsa",
        "a few sliced spring onions",
        "a good chunk of cheese",
        "a pinch of crushed chilli flakes",
        "soured cream or guacamole (optional)"
    ],
    "steps": [
        "step 1 Tip tortilla chips on to a baking tray, pour over salsa and scatter over a few sliced spring onions.",
        "step 2 Grate over a good chunk of cheese (fontina is perfect, but cheddar will do). Add a pinch of crushed chilli flakes, then put under a hot grill for about 3 minutes to melt the cheese. Serve with soured cream or guacamole (optional)."
    ],
    "servings": "Serves 3",
    "difficulty": "Easy"
}