{
    "id": "56a6bd15eed747c08f1e6987c47cf768",
    "name": "Guisado de verduras: ciaudedda",
    "country": "Italia",
    "time": "Total: 1 h = 20' prep. + 40' coc.",
    "link": "https://www.recetas.com/guisado-de-verduras-ciaudedda.html",
    "ingredients": [
        "5-6 alcachofas500 gr. de cebolla1.5 kg de habas500 gr. de patatas180 gr. de tocinoSalPimientaAceite de oliva v. e."
    ],
    "steps": [
        "La ciaudedda es un plato a base de vegetales típico de la tradición culinaria del sur de Italia. Combina perfectamente con platos de carne y pescado, es un buen acompañamiento para todas las estaciones, pero también un plato único muy sabroso: para disfrutar caliente en invierno y frío en verano.",
        "El nombre ciaudedda deriva de \"cialdella\", la rebanada de pan tostado que, según la tradición, siempre debe acompañar el plato y unir todos los ingredientes.",
        "La preparación es simple y, en la receta, también se pueden agregar verduras diferentes a las tradicionales. Este es un plato pobre, que refleja completamente la cocina campesina del siglo pasado, una cocina hecha de sabores antiguos, simples, pero sabrosos y nutritivos.",
        "Comenzar limpiando las alcachofas y cortándolas en 4 trozos, retirar a las habas la piel que las recubre, pelar y cortar patatas y cebollas. Luego cortar finamente el tocino.",
        "En una sartén antiadherente bastante grande, después de calentar el aceite de oliva virgen extra, rehogar las cebollas y el tocino y agregar las verduras gradualmente. Tapar y dejar cocinar a fuego moderado agregando, gradualmente, agua caliente.",
        "Cuando todas las verduras están tiernas, después de unos cuarenta minutos, apagar el fuego y dejar reposar durante 5 minutos. La ciaudedda, como se mencionó, se puede comer tanto caliente como fría y siempre debe ir acompañada de (al menos) una rebanada de pan tostado.",
        ""
    ],
    "servings": "Comen 6",
    "difficulty": "Normal"
}