{
    "id": "56f7d4ce3f894266bc3b0dbe98f36dea",
    "name": "Guacamole picante con cilantro",
    "country": "Mexico",
    "time": "Total: 40' = 20' prep. + 20' coc.",
    "link": "https://www.recetas.com/guacamole-picante-con-cilantro.html",
    "ingredients": [
        "2 tortillas mexicanas2 chiles picantesJugo de 2 limones1 manojo de cilantro1 cebolla (puede ser roja)1 aguacatePolenta de cocción rápidaAceite de olivaSal"
    ],
    "steps": [
        "Preparar la polenta instantánea de acuerdo a las instrucciones del paquete, cuando esté aún caliente extenderla sobre una bandeja de horno y dejar secar hasta el día siguiente.",
        "Pelar el aguacate, quitar el carozo y reducirla a una crema en una licuadora con jugo de limón y 2 pizcas de sal.",
        "Picar la cebolla y los chiles, y luego incorporarlos a la crema con cilantro fresco picado.",
        "Calentar el aceite en una sartén, dividir la polenta en trozos pequeños y freirlos en aceite caliente dejando que se hinchen. Escurrir sobre papel de cocina.",
        "Cortar las tortillas en triángulos y tostar en una plancha.",
        "Servir la salsa de guacamole con las tortillas y los trozos de polenta caliente."
    ],
    "servings": "Comen 6",
    "difficulty": "Normal"
}