{
    "id": "5761ef841b394b8ab3ca6065cc514dbe",
    "name": "Rigatoni con alcachofas",
    "country": "Italia",
    "time": "Total: 40' = 20' prep. + 20' coc.",
    "link": "https://www.recetas.com/rigatoni-con-alcachofas.html",
    "ingredients": [
        "200 gr. de rigatoni u otra pasta corta800 gr. de alcachofas 4 cdas. de queso rallado1 cebolla40 gr. de anchoas desaladas2 cdas. de aceite de oliva1 diente de ajo 1 hoja de laurelPerejilChile picanteSal"
    ],
    "steps": [
        "Limpiar las alcachofas, quitando las partes duras y cortar en 4 trozos.",
        "En una sartén amplia, freír el diente de ajo en el aceite, agregar la cebolla cortada en rodajas finas, las anchoas picadas, la hoja de laurel y una pizca de chile picante.",
        "Cuando todo esté sofrito, añadir las alcachofas, mezclando con una cuchara de madera; mojar con un poco de agua, tapar la sartén y terminar de cocinar las alcachofas.",
        "Mientras tanto, cocine la pasta al dente, escurra y añada a las alcachofas, junto con el perejil y el queso parmesano. Caliente mezclando bien para que se impregnen los sabores y sirva."
    ],
    "servings": "Comen 4",
    "difficulty": "Normal"
}