{
    "id": "5858435da36747d8bde48f93e1f5007a",
    "name": "Yakitori chicken",
    "country": "japan",
    "time": "Preparation and cooking time Prep: 15 mins Cook: 25 mins",
    "link": "https://www.bbcgoodfood.com/recipes/yakitori-chicken",
    "ingredients": [
        "100ml soy sauce",
        "100ml mirin",
        "50ml sake",
        "2 tbsp caster sugar",
        "500g boneless and skinless chicken thighs, chopped into 3cm chunks",
        "4 spring onions each cut into three",
        "4 flat teppo gushi bamboo skewers (available from amazon.co.uk)"
    ],
    "steps": [
        "step 1 Soak the skewers in a bowl of water while you prepare everything else, to prevent them from burning. Tip the soy, mirin, sake and sugar into a small saucepan , and cook over a medium heat for about 15 mins until the sauce is glossy.",
        "step 2 Remove the skewers from the water and thread each one with a piece of chicken, followed by a piece of spring onion. Repeat twice more so the skewer is well stacked. Fill all four skewers.",
        "step 3 Heat a large frying pan over a medium heat – you want to cook the chicken fairly gently so it soaks up the sauce. Put the skewers in the pan, then brush with the sauce. Cook for 10 mins, turning regularly and brushing in all the sauce. Serve immediately."
    ],
    "servings": "Serves 4",
    "difficulty": "Easy"
}