{
    "id": "5895a69d6ee34887b2515e089ea551bc",
    "name": "Sesame Honey Beef Stir-Fry",
    "country": "japan",
    "time": 35,
    "link": "https://www.hellofresh.com/recipes/sesame-honey-beef-stir-fry-5b4f7ff3ae08b530fb74aa32",
    "ingredients": [
        "4 unitCarrots",
        "4 unitScallions",
        "4 cloveGarlic",
        "1 unitLime",
        "1 cupJasmine Rice",
        "2 tablespoonSesame Oil",
        "6 tablespoonSoy Sauce(Contains  Soy, Wheat)",
        "2 ounceHoney",
        "4 teaspoonSriracha",
        "20 ounceGround Beef",
        "1 tablespoonSesame Seeds",
        "2 teaspoonVegetable Oil",
        "Salt",
        "Pepper"
    ],
    "steps": [
        "Wash and dry all produce. Bring 1⅔ cups water and a large pinch of salt to a boil in a small pot. Peel carrots. Using a vegetable peeler, shave carrots lengthwise into thin ribbons. Trim, then thinly slice scallions, keeping greens and whites separate. Mince garlic. Halve lime; cut one half into four wedges.",
        "Once water is boiling, add rice to pot. Cover, lower heat, and reduce to a gentle simmer. Cook until tender, about 15 minutes. Keep covered off heat until meal is ready. Meanwhile, in a small bowl, combine 1 TBSP sesame oil, 2 TBSP soy sauce, 2 TBSP honey, and sriracha to taste (we’ll use the rest of the sesame oil, soy sauce, and honey later).",
        "Heat a drizzle of oil in a large pan over medium-high heat. Add carrots and cook, tossing, until tender, 4-5 minutes. Season with salt and pepper. Remove from pan and set aside.",
        "Heat another drizzle of oil in pan used for carrots over medium-high heat. Add garlic and scallion whites. Cook until fragrant, about 30 seconds. Add beef, breaking up meat into pieces. Cook until no longer pink, about 4 minutes. Increase heat to high and cook, stirring only once or twice, until brown and crispy in spots, about 3 minutes. Season with salt and pepper.",
        "Add carrots to pan with beef, along with remaining soy sauce and honey. Toss to combine. Remove pan from heat and stir in remaining sesame oil. Add a squeeze or two of lime. Season with salt and pepper, if needed (it may already be salty enough).",
        "Divide rice and stir-fry between bowls. Sprinkle with sesame seeds and scallion greens. Drizzle with sriracha mixture. (TIP: You can skip this for the kids, especially if they’re not fans of spice.) Serve with lime wedges on the side for squeezing over."
    ],
    "servings": "Porciones no disponibles",
    "difficulty": "Easy"
}