{
    "id": "5aef8f7a13e74845b50e37eb5b3774c1",
    "name": "Merluza a la florentina",
    "country": "Italia",
    "time": "Total: 30' = 20' prep. + 10' coc.",
    "link": "https://www.recetas.com/receta-de-Merluza-a-la-florentina-8517.html",
    "ingredients": [
        "4 filetes de merluza1/2 kilo de espinacas1/4 litro de leche1 cda. de harina1 cda. de mantequilla50 gr. de queso rallado1 limónSal"
    ],
    "steps": [
        "Sazonar un poco la merluza. Hervir las espinaca, pasarla por agua fría y escurrirla.",
        "Untar una fuente de horno con mantequilla y colocar los espinacas y encima la merluza.",
        "Preparar la bechamel con la mantequilla, la harina y la leche.",
        "Añadir el queso a la bechamel y verterla sobre la merluza.",
        "Dejar cocer al horno suave durante 15 minutos, y luego, lo poner a gratinar unos 5 minutos."
    ],
    "servings": "Comen 4",
    "difficulty": "Fácil"
}