{
    "id": "5b021071c10e403594d680ffa8f9a77d",
    "name": "Pez espada guisado",
    "country": "España",
    "time": "Total: 45' = 15' prep. + 30' coc.",
    "link": "https://www.recetas.com/receta-de-Pez-espada-guisado-2162.html",
    "ingredients": [
        "1/2 vaso de aceite de oliva 2 y 1/2 cebollas 3 dientes de ajo 4 rodajas de pez espada (limpias)1 vaso grande de vino blancoPerejíl1 hoja de laurelSalPimienta"
    ],
    "steps": [
        "Saltear la cebollas y los dos dientes de ajo en una olla con aceite.Agregar las rodajas de pez espada. Agregar el vino y salar. Cubrir con 1 taza de agua o caldo.",
        "Dejar cocinar unos 20 minutos afuego suave, hasta que se evapore gran parte del líquido y obtener el punto deseado del pescado."
    ],
    "servings": "Comen 4",
    "difficulty": "Fácil"
}