{
    "id": "5b34c1e591a94d03b5f5c72283682b58",
    "name": "Sopa de lentejas",
    "country": "Mexico",
    "time": "Total: 50' = 20' prep. + 30' coc.",
    "link": "https://www.recetas.com/receta-de-Sopa-de-lentejas-6076.html",
    "ingredients": [
        "250 gr. de lentejas1/4 de cebolla picada1 tomate picado1 ramo de cilantro picadoAceiteAguaSal"
    ],
    "steps": [
        "Poner a hervir con suficiente agua y sal las lentejas.",
        "Cuando ya estén cocidas, poner a calentar en una sartén el aceite, freír la cebolla y cuando esté cristalina, agregar el tomate. Remover unos minutos y agregar las lentejas con todo el caldo. Dejar hervir y agregar el cilantro.",
        "Rectificar la sazón y servir.",
        ""
    ],
    "servings": "Comen 4",
    "difficulty": "Fácil"
}