{
    "id": "5d1a1bda39ba44849c824e9439073b31",
    "name": "Pastel de queso con arándanos",
    "country": "España",
    "time": "Total: 20' = 15' prep. + 5' coc.",
    "link": "https://www.recetas.com/receta-de-Pastel-de-queso-con-arandanos-6186.html",
    "ingredients": [
        "2 ó 3 paquetes de galletas \"María\"1/2 tarrina de mantequilla2 sobres de cuajada1 tarrina de queso mascarpone2 bricks de nata para montar de 200ml/ud.8 cdas. de azúcar1 bote de mermelada de arándanos"
    ],
    "steps": [
        "Romper las galletas y machacarlas en un mortero hasta que se hagan polvo, verterlass en un bol grande. Añadir la mantequilla previamente derretida en el microondas. Formar una pasta y extenderla a modo de base en un molde.",
        "En un cazo grande o en una olla, volcar un brick de nata (200 ml) junto con toda la tarrina del queso mascarpone. Llevar a fuego lento y esperar a que hierva. Mientras tanto, en un bol aparte, volcar el otro brick de nata (200 ml) junto con los dos sobres de cuajada y remover hasta que no quede ningún grumo.",
        "Al primer hervor de la olla, añadir el contenido del bol (cuajada+nata) y remover, añadir el azúcar, volver a remover y cuando esté cremoso, retirarlo del fuego.",
        "Verter todo el contenido de la olla en el molde con la base de galleta y mantequilla. Llevar a la nevera por 6 o 7 horas.",
        "Preparar una coulis de arándanos, poniendo en un vaso 3 a 4 cucharadas de postre de mermelada junto con un poquito de agua hirviendo, remover y servir sobre el pastel ya frío, decorando a gusto."
    ],
    "servings": "Comen 8",
    "difficulty": "Fácil"
}