{
    "id": "5d1fdd9a91124787a085aa4c5fa914b4",
    "name": "Patatas Bravas and Crispy Artichokes",
    "country": "spain",
    "time": 30,
    "link": "https://www.hellofresh.com/recipes/patatas-bravas-and-crispy-artichokes-5afb423d30006c50c57a4106",
    "ingredients": [
        "6.5 ounceArtichokes(Contains  Soy)",
        "1 ounceGreen Olives",
        "4 ounceGrape Tomatoes",
        "¼ ounceParsley",
        "2 cloveGarlic",
        "12 ounceYukon Gold Potatoes",
        "2 tablespoonMayonnaise(Contains  Eggs)",
        "3 teaspoonWhite Wine Vinegar",
        "1 teaspoonChipotle Powder",
        "2 ounceArugula",
        "½ cupFeta Cheese(Contains  Milk)",
        "1 ounceAlmonds(Contains  Tree Nuts)",
        "2 tablespoonOlive Oil",
        "Salt",
        "Pepper"
    ],
    "steps": [
        "Wash and dry all produce. Drain artichokes, then halve lengthwise through stem ends. Pat dry between two paper towels.",
        "Thinly slice olives. Halve tomatoes lengthwise. Pick parsley leaves from stems. Mince or grate garlic. Peel potatoes, then cut into ½-inch cubes.",
        "Heat a thin layer of olive oil (we used 2 TBSP) in a large pan over medium-high heat. Add potatoes and cook, tossing occasionally, until browned and crispy all over, 8-10 minutes. Remove from pan with a slotted spoon and transfer to a paper-towel-lined plate. Season with salt and pepper. Set aside.",
        "Add artichokes to same pan. Cook, tossing occasionally, until browned and crisp on surface, 5-6 minutes. Remove from pan with a slotted spoon and transfer to another paper-towel-lined plate. Season with salt and pepper.",
        "In a small bowl, combine mayonnaise, 1 TBSP vinegar (we sent more), a pinch of garlic, and a pinch of chipotle powder. Season with salt, pepper, and more garlic and chipotle powder, as desired.",
        "Divide arugula between plates. Top with potatoes, artichokes, tomatoes, olives, feta cheese, and almonds. Drizzle with aioli and garnish with parsley."
    ],
    "servings": "2",
    "difficulty": "Easy"
}