{
    "id": "5f39cbcbb82f4cf8aa530171d7c2deb3",
    "name": "Berenjenas gratinadas",
    "country": "España",
    "time": "Total: 50' = 40' prep. + 10' coc.",
    "link": "https://www.recetas.com/receta-de-Berenjenas-gratinadas-2239.html",
    "ingredients": [
        "4 berenjenas2 cebollaspicadas2 cdas. de salsa de tomate2 cdas. de pan ralladoSalPimienta2 huevosAceite de oliva Salsa bechamelQueso rallado"
    ],
    "steps": [
        "Cortar las berenjenas en dos, hervirlas durante 10 minutos.Vaciarlas con una cucharita",
        "En un sartén, poner un poco de aceite y rehogar las cebollas, añadir la pulpa de las berenjenas,  la salsa de tomate, sal y pimienta.",
        "Cuando esté hecho retirar del fuego. Añadir los huevos batidos y el pan rallado.",
        "Llenar las berenjenas con esta preparación cubrir con la Salsa bechamel y queso rallado.Gratinar en horno caliente y servir."
    ],
    "servings": "Comen 4",
    "difficulty": "Normal"
}