{
    "id": "60079957fff0488f8434dc73d936c918",
    "name": "Spice Market Chicken Cauli Bowls",
    "country": "south-africa",
    "time": 35,
    "link": "https://www.hellofresh.com/recipes/spice-market-chicken-cauli-bowls-637d0cafe7eae0759a09affb",
    "ingredients": [
        "12 ounceCarrots",
        "10 ounceCauliflower Florets",
        "2 cloveGarlic",
        "1 tablespoonTunisian Spice Blend",
        "½ cupBasmati Rice",
        "1 unitVeggie Stock Concentrate",
        "¼ ounceCilantro",
        "1 unitLemon",
        "1 unitJalapeño",
        "2 tablespoonTahini(Contains  Sesame)",
        "4 ounceGrape Tomatoes",
        "½ ounceAlmonds(Contains  Tree Nuts)",
        "10 ounceChicken Cutlets",
        "5 teaspoonCooking Oil",
        "10 teaspoonOlive Oil",
        "Salt",
        "Pepper",
        "¼ teaspoonSugar"
    ],
    "steps": [
        "• Adjust rack to top position and preheat oven\nto 425 degrees. Wash and dry produce.\n• Trim, peel, and cut carrots on a diagonal\ninto ½-inch-thick pieces (halve lengthwise\nfirst if carrots are on the larger side). Cut\ncauliflower into bite-size pieces. Peel and\nmince or grate garlic; reserve a pinch in a\nsmall bowl (you’ll use it in Step 5).",
        "• Toss carrots and cauliflower on a baking\nsheet with a large drizzle of oil, Tunisian\nSpice Blend, a big pinch of salt, and\npepper. Roast on top rack until browned\nand tender, 20-25 minutes.\nPat chicken or organic chicken dry\nwith paper towels and season with salt\nand pepper. Heat a drizzle of oil in a\nlarge pan over medium-high heat. Add\nchicken; cook until browned and cooked\nthrough, 3-5 minutes per side. Turn off\nheat; transfer to a cutting board to rest.\nWipe out pan.",
        "• Meanwhile, heat a drizzle of oil in a small\npot over medium-high heat. Add\nremaining garlic; cook, stirring, until\nfragrant, 30 seconds.\n• Stir in rice, ¾ cup water (1½ cups for\n4 servings), stock concentrate, and a pinch\nof salt. Bring to a boil, then cover and\nreduce to a low simmer. Cook until tender,\n15-18 minutes.\n• Keep covered off heat until ready to serve.",
        "• While rice cooks, mince cilantro. Zest and\nquarter lemon. Mince jalapeño, removing\nribs and seeds for less heat.",
        "• To bowl with reserved garlic, add cilantro,\n2 TBSP olive oil (3 TBSP for 4 servings),\nsalt, and pepper. Add a squeeze of lemon\njuice and as much jalapeño as you like. Set\nchermoula aside.\n• In a second small bowl, whisk together\ntahini, juice from half a lemon, 1 TBSP olive\noil, and ¼ tsp sugar (for 4, use juice from\na whole lemon, 2 TBSP olive oil, and ½ tsp\nsugar). Add water 1 TBSP at a time until\nsauce reaches a drizzling consistency. (TIP:\nTahini will thicken at first as you add water\nbut will then thin out again. We used 2 TBSP\nwater for 2 servings, 3 TBSP for 4 servings.)\nSeason tahini sauce with salt and pepper.",
        "• Heat a drizzle of oil in a large pan over high\nheat. Add tomatoes and cook, undisturbed,\nuntil lightly charred, 1-2 minutes.\n• Stir tomatoes; cook, stirring occasionally,\nuntil tender, 1-2 minutes more. Season with\nsalt and pepper.\nUse pan used for chicken here.",
        "• Fluff rice with a fork; stir in half the lemon\nzest and a drizzle of olive oil. Season with\nsalt and pepper.\n• Divide rice between bowls; top with\nroasted veggies and charred tomatoes.\nDrizzle with chermoula and tahini sauce.\nGarnish with almonds and remaining\nlemon zest. Serve with any remaining\nlemon wedges on the side.\nSlice chicken or organic chicken\ncrosswise. Serve atop bowls.\nChicken is fully cooked when internal temperature reaches 165°."
    ],
    "servings": "2",
    "difficulty": "Medium"
}