{
    "id": "61dbc48eee244ea8a544eb980126df3f",
    "name": "Ensalada de verduras con bacalao",
    "country": "España",
    "time": "Total: 1 h & 5' = 20' prep. + 45' coc.",
    "link": "https://www.recetas.com/receta-de-Ensalada-de-verduras-con-bacalao-2259.html",
    "ingredients": [
        "4 berenjenas grandes 4 pimientos rojos grandes 150 gr. de bacalao seco 2 huevos cocidos Aceite de oliva2 tomates1 cebolla1 cda. sopera de piñones"
    ],
    "steps": [
        "Colocar los pimientos y berenjenas en una fuente y hornear durante 40 minutos. Luego de ese momento, retirarlos y quitarles la piel.",
        "También quitarles las semillas a los pimientos. Las berenjenas cortarlas verticalmente, luego salarlas en una fuente.",
        "Echar en el recipiente las verduras y los piñones. También agregar el bacalao en pequeños trozos.",
        "Para finalizar, verter un poco de aceite y espolvorear con huevo duro picado."
    ],
    "servings": "Comen 4",
    "difficulty": "Normal"
}