{
    "id": "61f2ef0731c84737bcf0e2de83345b26",
    "name": "Salsa de chocolate liviana",
    "country": "Chile",
    "time": "Total: 25' = 10' prep. + 15' coc.",
    "link": "https://www.recetas.com/receta-de-Salsa-de-chocolate-liviana-6374.html",
    "ingredients": [
        "1 taza de chocolate rallado (Puede ser sin azúcar)1/2 taza de azúcar flor (o su equivalente en endulzante)1 cdta. de mantequilla1/4 de taza de agua1 cdta.  de vainilla"
    ],
    "steps": [
        "En una cacerola a baño María, derrita la mantequilla y agregue el azúcar (endulzante), el agua y el chocolate. Deje hervir a baño María, durante 10 minutos.",
        "Retire y agregue la vainilla; bata esta preparacón durante unos minutos para unir todos los ingredientes."
    ],
    "servings": "Comen 1",
    "difficulty": "Normal"
}