{
    "id": "624832a90deb421fa5081846c27e5ec5",
    "name": "Margarita de lima, tequila y Cointreau",
    "country": "Mexico",
    "time": "Total: 10' = 10' prep. + - coc.",
    "link": "https://www.recetas.com/margarita-de-lima-tequila-y-cointreau.html",
    "ingredients": [
        "7 limones verdes Sal 1 taza de tequila 1/2 taza de Cointreau 3 cdas. de miel Hielo"
    ],
    "steps": [
        "Hacer un jugo con 6 limones.",
        "Mojar los bordes de las copas, poner sal en un plato y pasar los bordes de las copas. Reservar.",
        "Mezclar el jugo con el tequila, el Cointreau y la miel, agregar hielo y batir en coctelera o en un bol con batidor de alambre.",
        "Servirlo colado."
    ],
    "servings": "Comen 4",
    "difficulty": "Normal"
}