{
    "id": "63c44a7a59ed4397bb98a43f6e764e59",
    "name": "Costillitas de cerdo a la charcutiere",
    "country": "Bolivia",
    "time": "Total: 1 h & 20' = 30' prep. + 50' coc.",
    "link": "https://www.recetas.com/receta-de-Costillitas-de-cerdo-a-la-charcutiere-1714.html",
    "ingredients": [
        "4 costillitas de cerdoAceite3 echalotes2 dientes de ajo1 cebolla100 cm3 de vino blanco100 cm3 de caldo1/2 frasco de pepinillosPerejilMostaza2 zuchinis torneadosAceite de oliva2 zanahorias cortadas en julianaSal Pimienta"
    ],
    "steps": [
        "Cortar la zanahoria en juliana, tornear los zuchinis.Saltear las costillitas en aceite de oliva.",
        "Filetear las echalotes, picar el ajo, cicelar las cebollas y dorar; agregar las costillitas y el vino blanco (la preparación deberá reducirse a la mitad), luego, agregar el caldo y cocinar 5 minutos más.",
        "Colocar los pepinos (previamente fileteados) y el perejil (previamente picado), salpimentar e incorporar la mostaza.",
        "Blanquear 1 minuto los zuchinis y saltearlos con aceite de oliva, sal, pimienta y curry, hacer lo mismo con las zanahorias (pero sin blanquear).",
        "Servir las costillitas, acompañadas de la guarnición de zucchini."
    ],
    "servings": "Comen 4",
    "difficulty": "Fácil"
}