{
    "id": "63f9271cc5754233b5b3d042b9b99490",
    "name": "Plátano frito con tocino",
    "country": "Colombia",
    "time": "Total: 50' = 30' prep. + 20' coc.",
    "link": "https://www.recetas.com/receta-de-Platano-frito-con-tocino-3666.html",
    "ingredients": [
        "5 plátanos verdes"
    ],
    "steps": [
        "Preparación:",
        "Cortar los platanos en bastones, freirlos en el aceite caliente.Aparte sofreir el tocino hasta que quede tostadito y se elimine toda su grasa. Una vez listo reservar en un recipiente, y en ese mismo sarten sofreir el ajo y la cebolla.",
        "Cuando ya esten tostados los platanos procedemos a triturararlos hasata que queden bien machacados, mezclar todo y ajustar la sal.",
        "Servir caliente."
    ],
    "servings": "Comen 4",
    "difficulty": "Normal"
}