{
    "id": "657d337f15f54640be9393d54c87186a",
    "name": "Hoisin Meatloaves with Sweet Soy Glaze",
    "country": "japan",
    "time": 35,
    "link": "https://www.hellofresh.com/recipes/hoisin-meatloaves-with-sweet-soy-glaze-64ad70a108c61453c499ab23",
    "ingredients": [
        "6 ounceGreen Beans",
        "2 unitScallions",
        "10 ounceGround Beef",
        "¼ cupPanko Breadcrumbs(Contains  Wheat)",
        "2 tablespoonHoisin Sauce(Contains  Soy, Wheat)",
        "½ cupJasmine Rice",
        "4 tablespoonSweet Soy Glaze(Contains  Sesame, Soy, Wheat)",
        "2 tablespoonMayonnaise(Contains  Eggs)",
        "1 teaspoonSriracha",
        "Salt",
        "Pepper",
        "2 teaspoonCooking Oil"
    ],
    "steps": [
        "• Adjust rack to top position (top and\nmiddle positions for 4 servings) and\npreheat oven to 425 degrees. Wash\nand dry produce.\n• Trim and thinly slice scallions,\nseparating whites from greens. Trim\ngreen beans if necessary.",
        "• In a large bowl, combine beef*,\nscallion whites, hoisin, and panko;\nseason with salt (we used ½ tsp; 1 tsp\nfor 4 servings) and pepper.\n• Form beef mixture into two 1-inch-tall\nloaves (four loaves for 4).\n• Place on one side of a lightly oiled\nbaking sheet. (For 4, spread meatloaves\nout across entire sheet.) Roast on top\nrack for 10 minutes (you’ll add more to\nthe sheet in Step 4).",
        "• Meanwhile, in a small pot, combine\nrice, ¾ cup water, and a pinch of salt\n(use a medium pot and 1½ cups water\nfor 4 servings). Bring to a boil, then\ncover and reduce heat to low. Cook\nuntil rice is tender, 15-18 minutes.\n• Keep covered off heat until ready to\nserve.",
        "• Once meatloaves have roasted for\n10 minutes, carefully remove baking\nsheet from oven. Brush tops of\nmeatloaves with sweet soy glaze.\n• On opposite side of sheet, toss green\nbeans and scallion greens with a\ndrizzle of oil, salt, and pepper. Roast\non top rack until green beans are\ntender and browned and meatloaves\nare fully cooked, 12-15 minutes.\n(For 4 servings, leave meatloaves\nroasting; toss green beans and\nscallions on a second baking sheet\nand roast on middle rack.)",
        "• Meanwhile, in a small bowl, combine\nmayonnaise and as much Sriracha as\nyou like. Add water 1 tsp at a time until\nyou reach a drizzling consistency.",
        "• Fluff rice with a fork.\n• Divide meatloaves, rice, and green\nbeans between plates in separate\nsections. Drizzle Sriracha mayo over\ngreen beans and serve.\nGround beef is fully cooked when internal temperature reaches 160°."
    ],
    "servings": "2",
    "difficulty": "Medium"
}