{
    "id": "658c7031cfd04bcf9d0360d081f1b3a9",
    "name": "Torta de maduro",
    "country": "Colombia",
    "time": "Total: 45' = 10' prep. + 35' coc.",
    "link": "https://www.recetas.com/receta-de-Torta-de-maduro-2416.html",
    "ingredients": [
        "4 plátanos maduros1/2 taza de harina de trigo1 lata grande de crema de leche2 huevos2 cdas. de mantequilla  4 cdas. de azúcar1/2 cdta. de polvo de hornear 1 cdta. de canela en polvo"
    ],
    "steps": [
        "Cocinar los plátanos maduros (con cáscara) hasta que se ablanden, luego molerlos.",
        "En una cazuela aparte, colocar el resto de los ingredientes, mezclar levemente y añadir los plátanos molidos. Mezclar todo muy bien hasta integrar todo en una pasta homogénea.",
        "Engrasar un molde y colocar la mezcla, luego llevar al horno precalentado a 350ºF durante 30 minutos (o hasta que al introducir el cuchillo este salga limpio)."
    ],
    "servings": "Comen 10",
    "difficulty": "Fácil"
}