{
    "id": "65f34dbb55b149f888439ae886845058",
    "name": "Cordero Asado Con Duraznos",
    "country": "Colombia",
    "time": "Total: 2 h & 30' = 30' prep. + 2 h coc.",
    "link": "https://www.recetas.com/receta-de-Cordero-Asado-Con-Duraznos-3543.html",
    "ingredients": [
        "1 1/2 TAZA DE OREJONES DE DURAZNOS EN REMOJO TODA LA NOCHE"
    ],
    "steps": [
        "RELLENO,CUEZA LOS DURAZNOS DURANTE 10 MINUTOS EN EL AGUA DONDE SE PUSIERON EN REMOJO Y A CONTINUACIÓN ESCÚRRALO, GUARDANDO EL LÍQUIDO Y PIQUELOS.",
        "DERRITA LA MANTEQUILLA Y FRIA LENTAMENTE LA CEBOLLAHAST QUE ESTÉ ACITRONAD.",
        "RETIRELA DEL FUEGO Y AÑADA LA RALLADURA DE LIMÓN, EL PEREJIL,LA SAL LA PIMIENTA LAS ESPECIAS MEZCLADAS, EL ARROZ COCIDO Y LOS DURAZNOS, REVOLVIENDO TODO CON EL HUEVO.",
        "COLOQUE LA CARNE DE CORDERO SOBRE UNA TABLAY RELLÉNELA CON LO ANTERIOR. ENROLLE EL TROZO ASEGURÁNDOSE QUE TODO EL RELLENO HA QUEDADO DENTRO.",
        "SUJÉTELO CON UNAS BROCHETAS Y UN CORDÓN FINO Y PÉSELO. COLÓQUELO EN UNA CHAROLA DE HORNO, ROCIANDOLO CON UN POCO DE ACEITE Y SAZÓNELO LIGERAMENTE. HORNEE A 220 GRADOS CENTIGRADOS (CALCULE 25 MINUTOS DE HORNEADOPOR CADA 450 GRADOS). HASTA QUE LA CARNE ESTE COCIDA. ROCIELA DE VEZ EN CUANDO CON SU PROPIO JUGO. RETIRE EL CORDERO DEL HORNO Y MANTENGALO CALIENTE.",
        "SALSA;",
        "USE EL PROPIO JUGO QUE SOLTO LA CARNE MAS 1/2 TAZA DE AGUAEN LA QUE SE COCIERON LOS DURAZNOS, Y EL CALDO.SAZONE AL GUSTO Y ESPESE LA SALSA CON LA FÉCULA DEL MAIZ.",
        ""
    ],
    "servings": "Comen 6",
    "difficulty": "Normal"
}