{
    "id": "663ae237dedf41d09e733a65bbc27391",
    "name": "Cazuela de arroz con bacalao.",
    "country": "Argentina",
    "time": "Total: 1 h = 30' prep. + 30' coc.",
    "link": "https://www.recetas.com/receta-de-Cazuela-de-arroz-con-bacalao.-3584.html",
    "ingredients": [
        "1 l. de agua.400 grs. de arroz.250 grs. de bacalao.200 grs. de patatas.250 grs. de tomates maduros.10 dientes de ajo."
    ],
    "steps": [
        "Elaboración:Limpiar, pelar y cortar las patatas en rodajas finas.Los tomates debes sumergirlos por un minuto en agua hirviendo para retirarles la piel y luego picarlos bien chiquitos.En una cazuela de barro vierte el aceite y pon a calentar sobre el fuego. Añade los tomates y el arroz y déjalos freir durante unos minutos.Una vez hecho esto apaga el fuego, añade a la cazuela el litro de agua caliente junto con las patatas, el ajo y el bacalao troceado.Llévalo al horno previamente precalentado a 200ºC y déjalo cocer durante unos 20 o 30 minutos. Estará listo cuando el caldo se haya reducido, el arroz haya tomado color y las patatas estén hechas.Sirve cada plato decorando con una ramita de perejil."
    ],
    "servings": "Comen 4",
    "difficulty": "Normal"
}