{
    "id": "668ac68f87ac4274bd43c325abf2ae75",
    "name": "Panna cotta de mango",
    "country": "Italia",
    "time": "Total: 1 h & 5' = 35' prep. + 30' coc.",
    "link": "https://www.recetas.com/panna-cotta-de-mango.html",
    "ingredients": [
        "2 mangos maduro7 gr. de gelatina1 cda. de azúcar glasPanna cotta Para decorar:1/2 mango maduroTomillo o menta"
    ],
    "steps": [
        "Remojar la gelatina en agua. Limpiar los dos mangos, cortarlos en trozos y procesarlos. Verter dos cucharadas del puré de mango en una cacerolita y calentar durante unos minutos. Añadir el azúcar en polvo, la gelatina remojada y remover hasta que se disuelva por completo. Mezclar con el resto del batido de mango y repartirlo en seis vasos manteniendolos inclinados. Dejar reposar en la nevera durante al menos 3 horas. Mientras tanto, preparar la crema cocida y verterla en los vasos que se habrán enderezadas previamente, poner en la nevera durante 4 horas.Servir con cubitos de mango y hojas de tomillo o menta."
    ],
    "servings": "Comen 6",
    "difficulty": "Normal"
}