{
    "id": "67423ec16e3340b4a237d09f03fb1c68",
    "name": "Quindim especial",
    "country": "Brasil",
    "time": "Total: 2 h = 30' prep. + 1 h & 30' coc.",
    "link": "https://www.recetas.com/quindim-especial.html",
    "ingredients": [
        "10 yemas2 huevos540 gr de azúcar1 taza de leche de coco (se puede reemplazar por 1 taza de coco rallado hidratado en 1 taza de leche caliente)1 cda. de mantequilla derretida2 tazas de coco fresco rallado (o seco)1/2 taza de pasas de uva sin semillas"
    ],
    "steps": [
        "Batir las yemas con los huevos hasta obtener una crema blanca y espumosa.",
        "Agregar el azúcar y continuar batiendo. Incorporar la leche de coco, la mantequilla derretida y el coco rallado. Mezclar muy bien.",
        "Enmantequillar un molde de 25 cm de diámetro y espolvorearlo con azúcar. Esparcir en la base del molde las pasas y cubrir con la mezcla de coco. Dejar descansar 1 hora.",
        "Cocinar en horno precalentado (180\"), a baño María, 90 minutos o hasta que el postre tome color dorado.",
        "Desmoldar tibio y llevar a la heladera hasta el momento de servir."
    ],
    "servings": "Comen 15",
    "difficulty": "Normal"
}