{
    "id": "67bd57c2c98f48ffac9246c36301cd6a",
    "name": "Salsa estilo Tlaquepaque",
    "country": "Mexico",
    "time": "Total: 25' = 5' prep. + 20' coc.",
    "link": "https://www.recetas.com/receta-de-Salsa-estilo-Tlaquepaque-6240.html",
    "ingredients": [
        "250 gr. de chiles de árbol1 kg. de tomatilloSal1 diente de ajo"
    ],
    "steps": [
        "Pelar los tomatillos y ponerlos a hervir.",
        "Asar los chiles, cuidando de no quemarlos mucho.",
        "Licuar los chiles junto con el tomate, la sal y el diente de ajo. De ser necesario, agregar un poco de agua para aligerar la consistencia de la salsa."
    ],
    "servings": "Comen 10",
    "difficulty": "Fácil"
}