{
    "id": "67c32eb74e6b47aeb276ddefbf20130d",
    "name": "Pastelitos de fresas",
    "country": "Colombia",
    "time": "Total: 1 h = 40' prep. + 20' coc.",
    "link": "https://www.recetas.com/receta-de-Pastelitos-de-fresas-9141.html",
    "ingredients": [
        "230 gr. de mantequilla230 gr. de azúcar225 gr. de fresas4 huevos grandes230 gr. de harina1 limón (cáscara y jugo)"
    ],
    "steps": [
        "Precalentar el horno a 180c.",
        "Batir la mantequilla con el azúcar hasta que este ligera y suave.",
        "Añadir los huevos de a uno por vez y, por último, añadir la harina y la cáscara y jugo de limon más un poco de fresas.",
        "Colocar papeles de pastel en un par de moldes de magdalenas, y llenarlos con la mezcla.",
        "Poner las fresas sobrantes encima de los pastelitos. Hornear durante 20-25 minutos, hasta que estén dorados y hayan subido.",
        "Sacarlos del horno y dejarlos enfriar."
    ],
    "servings": "Comen 5",
    "difficulty": "Normal"
}