{
    "id": "67c4f6bebc2b455e9da3f4dbb67af5b3",
    "name": "Farofa",
    "country": "Brasil",
    "time": "Total: 25' = 10' prep. + 15' coc.",
    "link": "https://www.recetas.com/farofa.html",
    "ingredients": [
        "1 kg. de harina de mandioca 1 cda. de aceite 100 gr. de tocino ahumado1 cebolla Agua c/n"
    ],
    "steps": [
        "Picar la cebolla finamente y sofreír en una sartén junto con el tocino cortado en cubitos, a fuego lento hasta que la cebolla esté cocida y el tocino diorado.",
        "Agregar unas cucharadas de agua paralevantar el fondo, mezclando con cuchara de madera.",
        "Agregar la harina de mandioca y mezclar bien para que tome los sabores de la sartén. Incorporar poco a poco el agua y seguir integrando los ingredientes hasta formar pequeñas bolitas."
    ],
    "servings": "Comen 6",
    "difficulty": "Normal"
}