{
    "id": "69fc4017a80b499fa0f990c8ec3bef48",
    "name": "Salsa pesto",
    "country": "Italia",
    "time": "Total: 20' = 20' prep. + - coc.",
    "link": "https://www.recetas.com/receta-de-Salsa-pesto-2817.html",
    "ingredients": [
        "90 g de queso de oveja muy curado2 dientes de ajo20 hojas de albahacaNueces"
    ],
    "steps": [
        "Preparación:",
        "Machacar en un mortero el diente de ajo con las nueces, el perejil y la albahaca hasta alcanzar una pasta uniforme.Se añade el queso rayado, medio vaso de aceite de oliva y dos o tres cucharadas de agua muy caliente. Se continua machacando y trabajando hasta obtener una pasta homogénea. Su consistencia debe ser media."
    ],
    "servings": "Comen 4",
    "difficulty": "Fácil"
}