{
    "id": "6b25059e661a453697fb846bb7e436db",
    "name": "Pechuga de pollo en fiambre",
    "country": "España",
    "time": "Total: 20' = 5' prep. + 15' coc.",
    "link": "https://www.recetas.com/receta-de-Pechuga-de-pollo-en-fiambre-3714.html",
    "ingredients": [
        "400 gr. de pechuga de pollo"
    ],
    "steps": [
        "Preparación:",
        "Cortar la pechuga en filetes finos. Colocar 2-3 lonchas de jamón en cada pechuga.",
        "Hacer un rollito con cada pechuga y envolverla en film transparente. Ponerlas a cocer durante 15 min en agua hirviendo con sal."
    ],
    "servings": "Comen 4",
    "difficulty": "Fácil"
}