{
    "id": "6b76677ef2cb46bf8701758f05ba1426",
    "name": "Caprese salad (tomato and mozzarella salad)",
    "country": "italy",
    "time": "Preparation and cooking time Prep: 10 mins No cook",
    "link": "https://www.bbcgoodfood.com/recipes/caprese-salad",
    "ingredients": [
        "8 ripe plum tomatoes sliced",
        "2 balls of mozzarella (or vegetarian alternative) sliced",
        "handful of basil leaves",
        "2 tbsp extra virgin olive oil",
        "2 tbsp balsamic vinegar"
    ],
    "steps": [
        "step 1 Arrange the slices of tomato and mozzarella on a platter, alternating between slices of each, and sprinkle over the basil leaves. Season generously with salt and black pepper, then drizzle over the olive oil and vinegar. Serve straightaway."
    ],
    "servings": "Serves 4",
    "difficulty": "Easy"
}