{
    "id": "6b79b47a933c4ea09c1aa6a90b7cf991",
    "name": "Pollo cremoso con brócoli",
    "country": "Mexico",
    "time": "Total: 1 h = 30' prep. + 30' coc.",
    "link": "https://www.recetas.com/receta-de-Pollo-cremoso-con-brocoli-1160.html",
    "ingredients": [
        "250 gr. de pollo cocido 1/2 taza de brócoli despedazado"
    ],
    "steps": [
        "Salsa: Poner la mantequilla en una sartén, añadir la harina y cocinar por un minuto. Sazonar con sal y nuez moscada. Ir agregando la leche, revolviendo constantemente para no formar grumos.",
        "Cocinar todo hasta el hervor, removiendo hasta que la salsa esté espesa.Fuera del fuego, añadir el queso, mezclando hasta que se derrita.",
        "Mientras tanto, hervir el brócoli hasta que esté tierno. Mezclar con el pollo caliente con la salsa y servir acompañado por el brócoli."
    ],
    "servings": "Comen 2",
    "difficulty": "Normal"
}