{
    "id": "6bba6ab962cd4e34a7aa6cc6f6712aad",
    "name": "Empanadas de humita con masa de ricota",
    "country": "España",
    "time": "Total: 45' = 30' prep. + 15' coc.",
    "link": "https://www.recetas.com/receta-de-Empanadas-de-humita-con-masa-de-ricota-2763.html",
    "ingredients": [
        "Masa: 200 grs. de harina 200 grs. de ricota 200 grs. de manteca 1 cucharadita de sal"
    ],
    "steps": [
        "Para comenzar, unir todos los ingredientes de la masa, amasar bien, y dejar descansar 15 minutos. Luego, estirar y cortar en círculos de poco espesor para formar las empanadas.",
        "Por otro lado, dorar en manteca, la cebolla y el morrón, ambos cortados finitos. Agregar la leche, y cuando esté por hervir añadir en forma de lluvia, la harina o maicena sin dejar de revolver, hasta que espese. Condimentar a gusto y agregar los choclos y las aceitunas cortaditas. Dejar enfriar.",
        "Rellenar los discos de empanadas con la preparación anterior, hacer el repulgue y cocinar en horno moderado hasta dorar."
    ],
    "servings": "Comen 12",
    "difficulty": "Fácil"
}