{
    "id": "6ead0342e68641f5987841d892fc0ca5",
    "name": "Tarta de manzanas",
    "country": "Chile",
    "time": "Total: 2 h & 20' = 1 h & 30' prep. + 50' coc.",
    "link": "https://www.recetas.com/receta-de-Tarta-de-manzanas-6095.html",
    "ingredients": [
        "Para la masa: 200 gr. de harina 100 gr. de manteca 2 yemas Ralladura de 1 limón Esencia de vainilla 1/2 cdta. de polvo de hornear  4 cdas. de azúcar 2 cdas. de agua fría"
    ],
    "steps": [
        "Preparar una masa frola con los ingredientes enumerados.Preparar la compota de manzana y la mermelada reducida.",
        "Forrar una tartera enmantecada y enharinada con la masa.Mezclar la compota fría con la Crema pastelera.",
        "Rellenar la tarta y distribuir encima las rebanadas de manzana en forma decorativa.Espolvorear con azúcar y hornear a temperatura regular entre 40 y 50 minutos.",
        "Retirar y cubrir con la mermelada reducida caliente.Servir tibia o fría."
    ],
    "servings": "Comen 8",
    "difficulty": "Normal"
}