{
    "id": "708000d1995d4438957df6408efbd08e",
    "name": "Turkey, Apricot & Chickpea Tagine",
    "country": "south-africa",
    "time": 30,
    "link": "https://www.hellofresh.com/recipes/turkey-apricot-and-chickpea-tagine-66fd87a0966ea033d562cc52",
    "ingredients": [
        "1 unitOnion",
        "¼ ounceParsley",
        "1 cloveGarlic",
        "1 unitLemon",
        "1 unitJalapeño",
        "1 unitZucchini",
        "1 unitChickpeas",
        "½ cupBasmati Rice",
        "2 unitVeggie Stock Concentrate",
        "3 tablespoonSour Cream(Contains  Milk)",
        "1 tablespoonTunisian Spice Blend",
        "½ ounceSliced Almonds(Contains  Tree Nuts)",
        "1 ounceDried Apricots",
        "1 teaspoonHot Sauce",
        "10 ounceGround Turkey",
        "Salt",
        "Pepper",
        "Cooking Oil",
        "Olive Oil",
        "Butter(Contains  Milk)"
    ],
    "steps": [
        "• Wash and dry produce.\n• Halve, peel, and dice onion. Mince parsley.\nPeel and mince or grate garlic. Zest and\nhalve lemon. Mince jalapeño, removing\nribs and seeds for less heat. Trim and\nhalve zucchini lengthwise; cut crosswise\ninto 1⁄2-inch-thick half-moons. Drain and\nrinse chickpeas.",
        "• Heat a drizzle of oil in a small pot over\nmedium-high heat. Add 1⁄4 of the onion;\ncook, stirring, until just softened, 2-3 minutes.\n• Stir in rice, 3⁄4 cup water (11⁄2 cups for\n4 servings), half the stock concentrates,\nand a pinch of salt. Bring to a boil, then\ncover and reduce to a low simmer. Cook\nuntil rice is tender, 15-18 minutes.\n• Keep covered off heat until ready to serve.\nOpen package of chicken* and drain off\nany excess liquid. Heat a drizzle of oil in\na large pan over medium-high heat. Add\nchicken or turkey* and season with salt\nand pepper. Cook, stirring frequently,\nuntil browned and cooked through,\n4-6 minutes. Turn off heat; transfer to a\nplate. Wipe out pan.",
        "• While rice cooks, in a small bowl, combine\nparsley, 2 TBSP olive oil (3 TBSP for\n4 servings), a pinch of garlic, salt, and\npepper. Add lemon juice to taste and as\nmuch jalapeño as you like. Taste and add\nmore garlic if desired.\n• In a separate small bowl, combine sour\ncream, a pinch of salt, and as much lemon\nzest as you like. Add water 1 tsp at a time\nuntil mixture reaches a drizzling consistency.",
        "• Heat a large drizzle of oil in a large pan\nover medium-high heat. Add zucchini\nand remaining onion. Cook, stirring, until\nsoftened and lightly browned, 5-7 minutes\n(7-10 minutes for 4 servings).\n• Add Tunisian Spice Blend, remaining\ngarlic, and a big pinch of salt. Cook, stirring,\nuntil fragrant, 1-2 minutes.\nUse pan used for chicken or turkey here.",
        "• Add 1/3 cup water (2/3 cup for 4 servings)\nand remaining stock concentrate to pan\nwith veggies.\n• Stir in chickpeas and bring tagine to a low\nsimmer. Cook until liquid has slightly\nreduced, 1-2 minutes.\n• Reduce heat to low; stir in 1 TBSP butter\n(2 TBSP for 4) until melted. Season with salt\nand pepper.",
        "• Fluff rice with a fork; stir in 1 TBSP butter\n(2 TBSP for 4 servings). Season with salt\nand pepper.\n• Divide rice between plates and top with\ntagine, almonds, and apricots. (TIP:\nToast almonds before adding if you like.)\nDrizzle with lemon crema and chermoula.\nDrizzle with hot sauce if desired. Cut any\nremaining lemon into wedges and serve\non the side.\nServe chicken or turkey atop rice.\nGround Turkey is fully cooked when internal temperature reaches 165°."
    ],
    "servings": "2",
    "difficulty": "Medium"
}