{
    "id": "7193422c10a045e391d0c39c77684c55",
    "name": "Turkey & Zucchini Pomodoro Penne Bake",
    "country": "italy",
    "time": 45,
    "link": "https://www.hellofresh.com/recipes/turkey-and-zucchini-pomodoro-penne-bake-66fd8f3b966ea033d562cca9",
    "ingredients": [
        "1 unitZucchini",
        "1 unitOnion",
        "1 unitTomato",
        "6 ouncePenne Pasta(Contains  Wheat)",
        "14 ounceMarinara Sauce",
        "1 tablespoonItalian Seasoning",
        "4 ounceRicotta Cheese(Contains  Milk)",
        "½ cupMozzarella Cheese(Contains  Milk)",
        "1 teaspoonChili Flakes",
        "10 ounceGround Turkey",
        "Olive Oil",
        "Sugar",
        "Butter(Contains  Milk)",
        "Salt",
        "Pepper",
        "Cooking Oil"
    ],
    "steps": [
        "• Adjust rack to top position and\npreheat oven to 450 degrees. Bring a\nmedium pot of salted water to a boil.\nWash and dry produce.\n• Halve, peel, and dice half the onion\n(whole onion for 4 servings). Finely\ndice tomato. Trim zucchini, then grate\non the largest holes of a box grater.",
        "• Once water is boiling, add penne to\npot. Cook, stirring occasionally, until\nalmost al dente, 8 minutes (it’ll finish\ncooking in step 6).\n• Drain penne. (Keep empty pot handy\nfor step 5.)\nHeat a drizzle of oil in a large pan\nover medium-high heat. Add turkey*\nor sausage*; season with salt and\npepper. Cook, breaking up meat into\npieces, until browned and cooked\nthrough, 4-6 minutes. Turn off heat;\ntransfer to a plate. Wipe out pan.",
        "• Meanwhile, heat a drizzle of olive oil\nin a large pan over medium-high heat.\nAdd diced onion, tomato, and a pinch\nof salt. Cook, stirring occasionally, until\nonion is softened, 4-6 minutes.\n• Stir in marinara, zucchini, 1⁄2 tsp\nItalian Seasoning (1 tsp for 4 servings),\n1⁄4 cup water (1⁄2 cup for 4), 1 tsp sugar\n(2 tsp for 4), and a big pinch of salt.\n(You’ll use more Italian Seasoning in\nthe next step.) Bring to a simmer; cook,\nstirring, 3 minutes more. Turn off heat.\nUse pan used for beef or sausage here.\nOnce sauce is done, return turkey or\nsausage to pan; stir to combine.",
        "• While sauce simmers, in a medium\nbowl, combine ricotta, 1⁄2 tsp Italian\nSeasoning (1 tsp for 4 servings), and a\ndrizzle of olive oil. (Use the rest of the\nItalian Seasoning as you like.) Season\nwith salt and pepper.",
        "• Add drained penne, sauce, and 1 TBSP\nbutter (2 TBSP for 4 servings) to pot\nused for pasta. Season with salt and\npepper; stir to thoroughly combine.\n• Spread out half the pasta mixture in\nan 8-by-8-inch baking dish. (For 4, use\na 9-by-13-inch baking dish.) Using\na tablespoon, dollop pasta mixture\nwith herbed ricotta. Top with\nremaining pasta mixture, then sprinkle\nwith mozzarella.",
        "• Cover baking dish with foil. (TIP: Coat\ninside of foil with nonstick spray first\nto prevent sticking.) Bake pasta on top\nrack for 10 minutes, then remove from\noven; discard foil.\n• Heat broiler to high. Broil until cheese\nis lightly browned, 4-5 minutes. TIP:\nWatch carefully to avoid burning.\n• Let cool slightly; top with chili flakes\nif desired. Divide between plates\nand serve.\nGround Turkey is fully cooked when internal temperature reaches 165°."
    ],
    "servings": "2",
    "difficulty": "Medium"
}