{
    "id": "75a74dc85acc4ccead0400936b4c8c5c",
    "name": "Citrus & fennel marinated olives",
    "country": "spain",
    "time": "Preparation and cooking time Prep: 10 mins Cook: 5 mins plus marinating",
    "link": "https://www.bbcgoodfood.com/recipes/citrus-fennel-marinated-olives",
    "ingredients": [
        "½ tsp heaped fennel seeds",
        "pared zest 0.5 orange (use a vegetable peeler to get long strips)",
        "pared zest 0.5 lemon",
        "2 bay leaves",
        "3 rosemary sprigs",
        "3 medium dried red chillies halved, deseeded and roughly chopped",
        "250g drained mixed olives",
        "50ml olive oil"
    ],
    "steps": [
        "step 1 Heat a large dry pan, add the fennel seeds and cook for 1-2 mins until fragrant. Add the citrus zests, bay leaves, rosemary and chillies, then cook for 30 secs more. Tip in the olives and add the olive oil. Mix well and cook for 1-2 mins, then turn off the heat and leave to cool in the pan before serving. Will keep in a plastic container in the fridge for up to 1 week – bring to room temperature before eating."
    ],
    "servings": "Serves 4 as a snack",
    "difficulty": "Easy"
}