{
    "id": "760794d9d9b847a29ed24f77d039499a",
    "name": "Postre de melocotón",
    "country": "Colombia",
    "time": "Total: 20' = 20' prep. + - coc.",
    "link": "https://www.recetas.com/receta-de-Postre-de-melocoton-2419.html",
    "ingredients": [
        "1 taza de leche condensada grande1 taza de crema de leche1/2 taza de gelatina sin sabor6 claras de huevos1 taza de melocotón picado en cuadritos"
    ],
    "steps": [
        "Licuar la leche condensada, la crema de leche y la gelatina sin sabor.",
        "Vaciar las 6 claras de huevo en una taza y añadir la mezcla de la licuadora. Mezclar todo muy bien hasta unirlo.",
        "En el molde donde se servirá el postre, agregar los melocotones picados en cuadritos y verter sobre ellos la preparación previamente realizada, revolviendo suavemente."
    ],
    "servings": "Comen 4",
    "difficulty": "Fácil"
}