{
    "id": "760843b5a7c74a6cb68731f4fc652f34",
    "name": "Ensalada Afrodisíaca",
    "country": "Argentina",
    "time": "Total: 20' = 20' prep. + - coc.",
    "link": "https://www.recetas.com/receta-de-Ensalada-Afrodisiaca-3649.html",
    "ingredients": [
        "1/2 taza de queso de Gruyere cortado en cubitos  Aceite de oliva  Tomillo  1 planta de lechuga capuccina"
    ],
    "steps": [
        "Preparación:",
        "Lavar y escurrir bien la lechuga. Posteriormente cortarla y colocarla en un bol.Agregar al bol el queso, el tomillo, las nueces y la pimienta. Añadir el aceite y vinagre a gusto.",
        "Revolver bien para que se integre toda la ensalada."
    ],
    "servings": "Comen 2",
    "difficulty": "Fácil"
}