{
    "id": "76efa00a7b034ca28e16316aa0faeae4",
    "name": "Torta Fácil",
    "country": "Uruguay",
    "time": "Total: 50' = 15' prep. + 35' coc.",
    "link": "https://www.recetas.com/receta-de-Torta-Facil-1813.html",
    "ingredients": [
        "3 huevos150 gr. de manteca3 vasos de leche4 cdas. de azúcar300 gr. de harina1 pizca de sal2 cdtas de povo para hornear"
    ],
    "steps": [
        "Batir los huevos con el azúcar hasta que estén blancos y espumosos.",
        "Derretir la manteca e incorporar a la mezcla; agregar la leche revolviendo con batidora.",
        "Incorporar la harina, tamizada junto con el plvo de hornear y la sal hasta conseguir una textura espesa.",
        "Volcar en un molde de 24 cm. de diámetro, enmantecado y enharinado, y hornear a calor suave por 35-40 minutos."
    ],
    "servings": "Comen 8",
    "difficulty": "Fácil"
}