{
    "id": "781857547aa04b9c89f84f9fa9ee9e39",
    "name": "Flan de coco Alejandra",
    "country": "Colombia",
    "time": "Total: 1 h & 15' = 15' prep. + 1 h coc.",
    "link": "https://www.recetas.com/receta-de-Flan-de-coco-Alejandra-2397.html",
    "ingredients": [
        "1 tarro grande de leche condensada 1 tarro grande de crema de leche1 tarro de leche medida en el tarro de la leche condensada4 huevos1 paquete de coco deshidratado o coco ralladoLicor Amareto o brandy a gusto"
    ],
    "steps": [
        "Preparación:",
        "Licuar la leche condensada, la crema de leche, las yemas de huevo, la leche, y el licor.En un bol, mezclar lo anterior con el coco y las claras batidas a nieve, con movimientos envolventes, para que las claras no se bajen.Preparar el caramelo y verterlo cubriendo bien fondo y paredes, en el molde en el que luego se va a cocinar el flan.Verter la mezcla, tapar bien el molde y llevarlo al fuego baño María por una hora (o hasta que al introducirle un cuchillo éste salga límpio).Dejarlo reposar y llevarlo a la nevera o refrigerador de 3 a 4 horas, para desmoldarlo más fácilmente."
    ],
    "servings": "Comen 8",
    "difficulty": "Fácil"
}