{
    "id": "78810f7c261a4d4aadf52a2eba8a7df1",
    "name": "Magdalenas",
    "country": "España",
    "time": "Total: 40' = 25' prep. + 15' coc.",
    "link": "https://www.recetas.com/receta-de-Magdalenas-2197.html",
    "ingredients": [
        "175 gr. de azúcar 170 gr. de harina de trigo 8 cdas. de harina de maiz 6 cdas. de leche 12 cdas. de aceite de oliva 2 huevos 1/2 sobre de levadura 1 cda. de kirsch 1 limón"
    ],
    "steps": [
        "Mezclar la cáscara rallada de un limón con el aceite, la leche, el azúcar y los huevos.Remover bien y formar una masa homogénea.",
        "Espolvorear las harinas, el kirsch y la levadura encima de la preparación.Seguir mezclando hasta que tome forma.",
        "Colocar esta pasta en pequeños moldes, o moldes de papel. Espolvorear con azúcar.",
        "Hornear con fuego fuerte durante 15 minutos."
    ],
    "servings": "Comen 4",
    "difficulty": "Fácil"
}