{
    "id": "793c4727acfc47f6a923e7d47a1687a5",
    "name": "Pasta y frijoles a la véneta",
    "country": "Italia",
    "time": "Total: 2 h & 20' = 20' prep. + 2 h coc.",
    "link": "https://www.recetas.com/pasta-y-frijoles-a-la-veneta.html",
    "ingredients": [
        "1/2 kg. de frijoles previamente remojados durante 12 horas1 cebolla1 taza de apio picado1 zanahoria picada1 ramita de romero1 taza de carne de ternera picadaCaldoSalPimientaQueso rallado200 gr. de tagliatelli o spaghetti frescos"
    ],
    "steps": [
        "Calentar el aceite en una cacerola, rehogar la zanahoria, la cebolla y el apio bien picados, junto con la carne.Una vez salteadas las verduras y la carne, condimentar con sal, pimienta y el romero; agregar los frijoles y caldo suficiente para que queden bien cubiertos.Cocinar a fuego suave, hasta que los frijoles estén bien tiernos, controlando que siempre haya un buen fondo de caldo.",
        "Mientras tanto, hervir la pasta, escurrirla y agregarla a la preparación cuando los frijoles estén listos. Mezclar bien y rectificar la saón si fuera necesario.Poner en un recipiente y servir bien caliente con unas hojitas de romero fresco por encima y queso rallado para acompañar."
    ],
    "servings": "Comen 4",
    "difficulty": "Normal"
}