{
    "id": "799a662fd80c4cb1a6c204dbf86a79c4",
    "name": "Berenjena rellena con arroz",
    "country": "España",
    "time": "Total: 15' = 5' prep. + 10' coc.",
    "link": "https://www.recetas.com/receta-de-Berenjena-rellena-con-arroz-3694.html",
    "ingredients": [
        "2 berenjenas grandes"
    ],
    "steps": [
        "Preparación:",
        "Prepara el arroz blanco con un ajo en el agua de cocción. Mientras colocan las berenjenas en una fuente de cristal, partidas por la mitad y tapadas con film transparente, en el microondas durante 8-10 min a potencia máxima.",
        "Cuando estén listas las berenjenas (que esté un poco transparente la pulpa) vacíalas con una cuchara y el un bol trocea la pulpa y mézclala con el arroz y el tomate. Puedes añadir alguna hierba como el tomillo y la albahaca.",
        "Rellénala la base de las berenjenas con ésta preparación, echa un poco de queso rallado por encima y llévalas al microondas durante unos minutos hasta que gratine el queso.",
        "Puedes congelarlas y así te será más cómodo y rápido para otro día..."
    ],
    "servings": "Comen 4",
    "difficulty": "Fácil"
}