{
    "id": "79ae579822124d8aa9358ce9cf12cf3d",
    "name": "Sorbete de jengibre",
    "country": "Argentina",
    "time": "Total: 25' = 15' prep. + 10' coc.",
    "link": "https://www.recetas.com/receta-de-Sorbete-de-jengibre-3040.html",
    "ingredients": [
        "200 gr. de azúcar1/2 l. de agua1 raíz de jengibre2 cdas. de ron blanco"
    ],
    "steps": [
        "Preparación:Colocar en una olla el agua junto con el azúcar y un pulgar de jenjibre rallado. Llevar a hervor y dejar cocinar durante 5 minutos a partir de este momento.Pasado este tiempo retirar del fuego, agregar la cucharada de ron blanco y el jugo de 1/2 limón.Dejar enfriar y colar. Posteriormente llevar a la máquina sorbetera eléctrica (la máquina para hacer helado)."
    ],
    "servings": "Comen 2",
    "difficulty": "Fácil"
}