{
    "id": "79cd994cd3464e559e67df047f0ba41d",
    "name": "Queso de cabra con hierbas",
    "country": "Argentina",
    "time": "Total: 10' = 10' prep. + - coc.",
    "link": "https://www.recetas.com/receta-de-Queso-de-cabra-con-hierbas-3804.html",
    "ingredients": [
        "250 gr. de queso cottage descremado250 gr. de queso de cabra5 cdas. de yogur natural descremado2 dientes de ajo30 gr. de hierbas frescas (pereji, estragón, cebollin, perifolio, orégano, eneldo, etc)Sal y pimienta molida en el momento"
    ],
    "steps": [
        "Preparación:",
        "En una procesadora o mixer, combinar los quesos con el yogur. Procesar hasta obtener una crema pareja, agregándo más yogur si se desea más fluída.",
        "Pasar a un recipiente e incorporar las hierbas. Condimentar con sal y pimienta recién molida.",
        "Reservar en la heladera."
    ],
    "servings": "Comen 24",
    "difficulty": "Fácil"
}