{
    "id": "7a3071f17b6c46b5b944d88ee17d51f9",
    "name": "Pork carnitas",
    "country": "mexico",
    "time": "Preparation and cooking time Prep: 15 mins Cook: 4 hrs and 30 mins",
    "link": "https://www.bbcgoodfood.com/recipes/pork-carnitas",
    "ingredients": [
        "1½ tbsp vegetable oil",
        "2 red onions roughly chopped",
        "1 whole garlic bulb cut in half",
        "2 tsp dried oregano",
        "2 tsp ground cumin",
        "1 tsp chilli powder",
        "2 bay leaves",
        "4 limes juiced",
        "2 oranges juiced",
        "4 tbsp light brown soft sugar",
        "700ml beef stock",
        "1kg pork shoulder",
        "1 onion roughly chopped",
        "corn tortillas chopped coriander and salsa, to serve"
    ],
    "steps": [
        "step 1 Heat 1 tbsp of the vegetable oil in large saucepan over a medium heat and cook the red onions for 10-12 mins, stirring occasionally until softened and caramelised. Add the halved garlic bulbs, cut-side down, along with the oregano, cumin, chilli powder and bay leaves. Tip in three-quarters of the lime juice and the orange juice. Stir in the sugar, turn up the heat and continue to cook until the base has caramelised, about 3-5 mins. Pour in the stock and nestle in the pork. Top up with water so the pork is submerged, then cover and simmer over a low heat for 3-4 hrs until the meat is completely tender and falling apart.",
        "step 2 Remove the pork to a board and set aside. Turn the heat up to high and reduce the cooking liquor by two thirds. (This helps intensify the flavour.) Once the liquid has reduced, remove the lime and orange halves with a slotted spoon and discard.",
        "step 3 Shred the pork using two forks and transfer to an ovenproof dish. Heat the grill to high. Drizzle the remaining ½ tbsp vegetable oil over the pork and grill for 5-10 mins, or until the pork is crispy and charred. Add ladlefuls of the reduced cooking liquor to the pork and toss until it’s well-coated. Combine the chopped onion and remaining lime juice in a bowl with a pinch of salt. Serve the shredded pork in corn tortillas, topped with the onion mixture, salsa and chopped coriander, with the remaining sauce on the side for dipping, if you like. Once cool, the remaining sauce can be frozen for up to three months to use as a base for soups or stews."
    ],
    "servings": "Serves 6",
    "difficulty": "Easy"
}