{
    "id": "7ac653918426492fa06f504e5894c2dd",
    "name": "Flaky Tempura Tilapia",
    "country": "japan",
    "time": 30,
    "link": "https://www.hellofresh.com/recipes/flaky-tempura-tilapia-5d893e9e62ccf0134a593be1",
    "ingredients": [
        "1 thumbGinger",
        "½ cupJasmine Rice",
        "11 ounceRegal Springs Tilapia(Contains  Fish)",
        "1 unitLime",
        "2 tablespoonMayonnaise(Contains  Eggs)",
        "2 tablespoonSour Cream(Contains  Milk)",
        "2 teaspoonSriracha",
        "1 tablespoonSesame Oil",
        "2 ounceMixed Greens",
        "4 ounceShredded Carrots",
        "82 gTempura Mix(Contains  Eggs, Milk, Wheat)",
        "½ teaspoonSugar",
        "1 teaspoonOlive Oil",
        "Vegetable Oil",
        "1 tablespoonButter(Contains  Milk)",
        "Salt",
        "Pepper"
    ],
    "steps": [
        "Wash and dry all produce. Peel and\nmince or grate ginger. Heat 1 TBSP\nbutter in a small pot over mediumhigh\nheat. Add half the ginger and cook\nuntil softened, 30-60 seconds. Add rice,\n¾ cup water (1½ cups for 4 servings),\nand a pinch of salt. Bring to a boil, then\ncover and reduce to a low simmer. Cook\nuntil rice is tender, 15-18 minutes. Keep\ncovered off heat until ready to serve.",
        "Meanwhile, pat tilapia very dry with\npaper towels. Cut each fillet into four\npieces; season all over with salt and\npepper. Set aside. Quarter lime. In\na small bowl, combine mayonnaise,\nsour cream, a squeeze of lime juice, a\npinch of salt, and sriracha to taste. Add\nwater 1 tsp water at a time until mixture\nreaches a drizzling consistency.",
        "In a large bowl, whisk together\nsesame oil, juice from half the lime, a\ndrizzle of olive oil, ½ tsp sugar (1 tsp\nfor 4 servings), and a pinch of salt and\npepper. Add mixed greens, carrots, and\nremaining ginger to bowl with dressing;\ntoss to coat. Season generously with salt\nand pepper. Taste and add more lime\njuice if desired.",
        "In a second large bowl, combine\ntempura mix, ⅓ cup cold water (⅔ cup\nfor 4 servings), and ½ tsp salt (1 tsp for\n4). Heat a ⅓-inch-layer of oil in a large,\nheavy-bottomed pan over medium-high\nheat. Patting dry again first if necessary,\nstir tilapia into batter until fully coated.\nLine a plate with paper towels.",
        "Once oil is hot enough that a drop\nof batter sizzles when added to the pan,\nworking in batches if necessary, add\ncoated tilapia. Cook until golden brown\non first side, 2-3 minutes; flip with tongs\nand cook until golden brown on second\nside and cooked all the way through, 2-3\nminutes more. Transfer to paper-towellined\nplate. Immediately season with\nsalt and pepper.",
        "Fluff rice with a fork and season\nwith salt and pepper. Divide between\nplates with tilapia and salad. Drizzle\ntilapia with sriracha sauce (or serve on\nthe side for dipping)."
    ],
    "servings": "2",
    "difficulty": "Easy"
}