{
    "id": "7b9c41559487492eb84dd88f7b265d59",
    "name": "Brazilian chocolate truffles - brigadeiro",
    "country": "brazil",
    "time": "Preparation and cooking time Prep: 40 mins Cook: 15 mins",
    "link": "https://www.bbcgoodfood.com/recipes/brazilian-chocolate-truffles-brigadeiro",
    "ingredients": [
        "3 tbsp unsalted butter plus a little extra",
        "400g tin sweetened condensed milk",
        "4 tbsp cocoa powder",
        "1 tsp vanilla extract",
        "50g toasted chopped pistachio",
        "50g flaked almond",
        "50g desiccated coconut"
    ],
    "steps": [
        "step 1 In a medium heavy-based saucepan, heat the butter, condensed milk, a pinch of salt and the cocoa, to boiling, stirring constantly with a wooden spoon. Reduce the heat to medium-low; cook for 10-15 mins, stirring constantly, until the mixture is thick and shiny and starts to pull away from the bottom.",
        "step 2 Stir in the vanilla and vigorously mix again. Pour the mixture onto a buttered plate. Chill for at least 2 hrs.",
        "step 3 Butter your hands and pinch off some of the dough to make 2.5cm balls. Place your toppings into small bowls and roll the balls of one of the decorations. Place in mini paper baking cups or on a tray lined with non-stick baking paper."
    ],
    "servings": "Makes 18",
    "difficulty": "Easy"
}