{
    "id": "7c55a234ac5a4ab3968e5a8fe2245806",
    "name": "Sopa de habichuelas",
    "country": "Mozambique",
    "time": "Total: 55' = 15' prep. + 40' coc.",
    "link": "https://www.recetas.com/receta-de-Sopa-de-habichuelas-1340.html",
    "ingredients": [
        "Agua Sal Pimienta 2 patatas 2 tomates 1 cebollas 500 gr. de habichuelas frescas"
    ],
    "steps": [
        "Poner a hervir agua y agregarle pizcade sal, pimienta y las verduras cortadas.",
        "Cocinar a fuego suave durante unos 30 minutos.",
        "Pisar estas verduras ya cocidas y hacer un pure, agregar las habichuelas en rebanadas y dejar cocinar unos minutos hasta que se ablanden."
    ],
    "servings": "Comen 4",
    "difficulty": "Normal"
}