{
    "id": "7c7d3f9e2ded4afb8a9259a70d8030b7",
    "name": "Ensalada triple",
    "country": "Chile",
    "time": "Total: 10' = 10' prep. + - coc.",
    "link": "https://www.recetas.com/receta-de-Ensalada-triple-3247.html",
    "ingredients": [
        ""
    ],
    "steps": [
        "Preparación:",
        "Lavar la zanahoria y pelarla. Quitar la cáscara y el cuesco a la palta. Partir en cubos el tomate, la palta y la zanahoria y poner en una fuente o plato hondo.Agregar el jugo de limón, una pizca de pimienta, 1/2 cucharadita de ajo en polvo, sal a gusto y mezclar bien."
    ],
    "servings": "Comen 1",
    "difficulty": "Fácil"
}