{
    "id": "7d24cb590a93446387b9ba533202fea9",
    "name": "Bizcochos borrachos",
    "country": "España",
    "time": "Total: 1 h & 20' = 20' prep. + 1 h coc.",
    "link": "https://www.recetas.com/receta-de-Bizcochos-borrachos-4104.html",
    "ingredients": [
        "Para los bizcochos:12 huevos 300 gr. de azúcar½ kg. de harina Canela molidaPara el almíbar:½ kg. de azúcar1 taza de agua1 vaso de vino Málaga"
    ],
    "steps": [
        "Preparación:Bata las doce yemas con el azúcar, hasta que tomen color pálido. Añada la harina cernida, siempre mezclando y luego las claras batidas a nieve firme. Eche esta masa en una asadera rectangular, tapizada con papel impermeable enmantecado y lleve a horno de calor suave durante una hora.",
        "Prepare un almíbar hirviendo el azúcar con el agua hasta que casi comience a tomar color; retírelo enseguida y agréguele rápidamente el vino de Málaga, con mucho cuidado porque puede salpicar. Eche este almíbar sobre el bizcochuelo cortado en cuadrados, déjelos que absorban el almíbar y póngalos sobre rejilla, espolvoréelos con canela y déjelos secar."
    ],
    "servings": "Comen 6",
    "difficulty": "Normal"
}