{
    "id": "7fcaeb0c87d44ae79558ee6c1102c890",
    "name": "Chimichurri",
    "country": "Argentina",
    "time": "Total: 10' = 10' prep. + - coc.",
    "link": "https://www.recetas.com/chimichurri.html",
    "ingredients": [
        "10 dientes de ajo1 cda. de cada uno de estos productos secos o deshidratados: orégano, pimentón dulce y tomillo1/2 cda. de comino1 cda. de sal1/2 cda. de chile molido1/2 taza de aceite1/2 taza de vinagre1 taza de agua hirviendo3 hojas de laurel"
    ],
    "steps": [
        "Machacar los dientes de ajo pelados y mezclarlos con los distintos condimentos secos o deshidratados.",
        "Agregar el comino, la sal, el chile molido, el aceite, el vinagre y la taza de agua hirviendo.",
        "Mezclar bien, agregar las hojas de laurel y mantener en frascos cerrados, dentro de la heladera."
    ],
    "servings": "Comen 12",
    "difficulty": "Normal"
}