{
    "id": "80309aa7e91544ce826f51aff51c36a4",
    "name": "Ensalada de verano",
    "country": "Argentina",
    "time": "Total: 20' = 20' prep. + - coc.",
    "link": "https://www.recetas.com/receta-de-Ensalada-de-verano-1552.html",
    "ingredients": [
        "1/2 planta de lechuga arrepollada1 tomate1/4 de cebolla1 taza de arroz cocido8 barritas de kani kama3 cdas. de mayonesa2 cdas. de queso crema SalPimientaAceiteVinagre"
    ],
    "steps": [
        "Lavar y escurrir la lechuga. Cortarla en pequeños trozos.Cortar el tomate y la cebolla.Colocar en un bol la lechuga, el tomate, la cebolla, el arroz cocido y el choclo.Cortar en daditos los kani kama y agregarlos a la ensalada.Preparar el aderezo mezclando la mayonesa con el queso crema, sal, pimienta, un chorrito de aceite y otro de vinagre.Echar el aderezo sobre la ensalada y mezclar bien."
    ],
    "servings": "Comen 4",
    "difficulty": "Fácil"
}