{
    "id": "8176170a320f47c1b679487f06000783",
    "name": "Pimientos salteados",
    "country": "Italia",
    "time": "Total: 20' = 5' prep. + 15' coc.",
    "link": "https://www.recetas.com/pimientos-salteados.html",
    "ingredients": [
        "2 pimientos amarillos2 pimientos rojos1 o 2 anchoas1 diente de ajo1/2 taza de vinagre4 cdas. de aceite de oliva virgen extraSal Pimienta"
    ],
    "steps": [
        "Lavar los pimientos, quitar los tallos, las semillas y las venas, luego cortarlos en titas.",
        "En una cacerola, calentar el aceite de oliva con un diente de ajo triturado, agregar las anchoas y dejar que se disuelva en el aceite para formar una salsa cremosa.",
        "Cuando el ajo empiece a dorase, añadir las tiras de pimientos y cocinar durante unos 30 minutos.",
        "A mitad de la cocción, mojar con media taza de vinagre, y dejar cocinar durante hasta que los pimientos estén suaves.",
        "Justo antes de apagar el fuego, ajustar de sal y pimienta. Deje enfriar antes de llevarlos a la mesa."
    ],
    "servings": "Comen 4",
    "difficulty": "Normal"
}