{
    "id": "84e7fa2c95ad4dd28d703b8faca16650",
    "name": "Ensalada de verdes con morrones asados",
    "country": "Italia",
    "time": "Total: - = - prep. + - coc.",
    "link": "https://www.recetas.com/ensalada-de-verdes-con-morrones-asados.html",
    "ingredients": [
        "2 pimientos morrones asados 6 tajadas de pan lacteado cortado en cubos y dorado en el horno rociado con aceite de oliva 2 endivias 1 atado de rúcula 200 gr. de queso semiduroJugo de 1/2 limón 1 cda. de pi mentón"
    ],
    "steps": [
        "Cortar los morrones asados en tiras, distribuir las hojas verdes en 4 recipientes con tapa, agregar el queso cortado en cubos rociado con jugo de limón y espolvoreado con pimentón.",
        "Incorporar los cubos de pan y mantener en la heladera.",
        "Aparte preparar la vinagreta para rociar las ensaladas en el momento de servir."
    ],
    "servings": "Comen 4",
    "difficulty": "Normal"
}