{
    "id": "8600fa42b13f4abca3fbccf2ff31da4c",
    "name": "Melao de Panela",
    "country": "Colombia",
    "time": "Total: 15' = 5' prep. + 10' coc.",
    "link": "https://www.recetas.com/receta-de-Melao-de-Panela-2562.html",
    "ingredients": [
        "1/2 panela1 taza de agua1 limón"
    ],
    "steps": [
        "Poner a hervir el agua con la panela adentro, revolver hasta que quede espesa. Luego agregar el de jugo de limón para evitar que la mezcla se azucare."
    ],
    "servings": "Comen 2",
    "difficulty": "Fácil"
}