{
    "id": "86d01a59db9641a994b6374616353ccf",
    "name": "Crunchy Italian Sheet-Pan Chicken",
    "country": "italy",
    "time": 45,
    "link": "https://www.hellofresh.com/recipes/crunchy-italian-sheet-pan-chicken-66a7d17eb9d3dca06061209e",
    "ingredients": [
        "20 ounceChicken Cutlets",
        "1 unitLemon",
        "12 ounceGreen Beans",
        "24 ouncePotatoes",
        "½ cupPanko Breadcrumbs(Contains  Wheat)",
        "1 cupItalian Cheese Blend(Contains  Milk)",
        "3 tablespoonSour Cream(Contains  Milk)",
        "1 tablespoonFry Seasoning",
        "1 tablespoonItalian Seasoning",
        "Salt",
        "Pepper",
        "7 teaspoonOlive Oil",
        "5 tablespoonButter(Contains  Milk)"
    ],
    "steps": [
        "• Adjust racks to top position (top and\nmiddle positions for 8 servings) and\npreheat oven to 425 degrees. Wash\nand dry produce.\n• Dice potatoes into 1-inch pieces. Zest\nand quarter lemon.\n• Place potatoes in a large pot with\nenough salted water to cover by\n2 inches. Bring to a boil and cook until\ntender, 20-25 minutes. Reserve 1 cup\npotato cooking liquid (2 cups for 8),\nthen drain. Return potatoes to pot and\ncover to keep warm.",
        "• While potatoes cook, in a medium\nbowl, combine panko, Italian cheese\nblend, Italian Seasoning, 2 TBSP\nolive oil, 1 tsp Fry Seasoning, salt, and\npepper (4 TBSP olive oil and 2 tsp Fry\nSeasoning for 8 servings). (You’ll use\nmore Fry Seasoning later.)",
        "• Pat chicken* dry with paper towels and\nseason all over with salt and pepper.\n• Evenly spread sour cream onto tops of\nchicken. Mound with panko mixture,\npressing firmly to adhere (no need to\ncoat the undersides).",
        "• Trim green beans if necessary.\n• Toss green beans on one side of a\nbaking sheet with a drizzle of olive oil,\nsalt, and pepper.\n• Add coated chicken to empty side of\nsheet. Roast on middle rack until\ngreen beans are lightly charred and\nchicken is golden brown and cooked\nthrough, 15-18 minutes. (For 8 servings,\nuse two separate baking sheets; roast\nchicken on top rack and green beans\non middle rack.)",
        "• Mash drained potatoes with 3 TBSP\nbutter and 1 tsp Fry Seasoning until\nsmooth and creamy, adding splashes\nof reserved potato cooking liquid as\nneeded (6 TBSP butter and 2 tsp Fry\nSeasoning for 8 servings). (Be sure\nto measure the Fry Seasoning; we\nsent more!)\n• Taste and season with salt and pepper.",
        "• Carefully toss roasted green beans with\n2 TBSP butter (4 TBSP for 8 servings),\nlemon zest, and a squeeze of lemon\njuice to taste.\n• Divide chicken, mashed potatoes, and\nlemony green beans between plates\nin separate sections. Serve with\nremaining lemon wedges on the side.\nChicken is fully cooked when internal temperature reaches 165º."
    ],
    "servings": "2",
    "difficulty": "Easy"
}