{
    "id": "875ab13a4f844755be7b9333c9bc19f4",
    "name": "Ensalada de frutas Fantasia",
    "country": "Colombia",
    "time": "Total: 20' = 20' prep. + - coc.",
    "link": "https://www.recetas.com/receta-de-Ensalada-de-frutas-Fantasia-2401.html",
    "ingredients": [
        "1 tarro de cóctel de frutas (en almíbar)1 tarro grande de leche condensada1 tarro grande de crema de leche1 lata de piña en almíbar1 lata de duraznos4 mangos grandes maduros4 peras4 manzanas1 papaya mediana1 lb. de uvas, verdes y rojas"
    ],
    "steps": [
        "Picar en cuadritos las manzanas, las peras, la piña, 1 mango, la papaya, los duraznos y las uvas partidas a la mitad.",
        "Pelar y cortar en rebanadas los mangos restantes. Licuarlos con la leche condensada, la crema de leche y el almíbar del cóctel de frutas.",
        "En un bol, colocar las frutas picadas y el cóctel. Agregar la crema licuada.",
        "Mezclar bien y llevar al refrigerador por 4 horas para servirla bien fría."
    ],
    "servings": "Comen 10",
    "difficulty": "Fácil"
}