{
    "id": "876bdaca89c441238d86616d4497e299",
    "name": "Pestinios",
    "country": "España",
    "time": "Total: 45' = 30' prep. + 15' coc.",
    "link": "https://www.recetas.com/receta-de-Pestinios-6054.html",
    "ingredients": [
        "1 vaso de aceite de oliva 1 vaso de vino blanco1 corteza de limónAzúcarHarina (la que admita)Anís (semillas)Aceite para freir"
    ],
    "steps": [
        "Calentar 1 vaso de aceite, cuando temple incorporar la peladura de limón, los anises y el vino; remover.",
        "Fuera del fuego agregar la harina y amasar hasta conseguir una preparación homogénea que no se pegue en las manos.",
        "Estirar con un rodillo hasta conseguir un grosor de 2 mm. Cortar en cuadrados y unir dos de las puntas opuestas, formando un rollo.",
        "Freír en abundante aceite caliente y escurrir sobre papel absorbente. Espolvorear con azúcar antes de servir."
    ],
    "servings": "Comen 8",
    "difficulty": "Normal"
}