{
    "id": "89d54604847c42ff8cfb709240e5768f",
    "name": "Burrito vegetariano",
    "country": "Mexico",
    "time": "Total: 30' = 20' prep. + 10' coc.",
    "link": "https://www.recetas.com/receta-de-Burrito-vegetariano-8100.html",
    "ingredients": [
        "4 tortillas para taco1 cebolla1 zanahoria1 diente de ajo1 pimiento (verde, rojo o amarillo)1/2 calabacínAceitePimienta"
    ],
    "steps": [
        "Cortar en cuadritos la cebolla y la zanahoria. Pelar un diente de ajo y cortarlo fino. Poner esta preparación a dorar en 3 cucharadas de aceite.",
        "Cortar el pimiento en juliana y el calabacin en daditos y añadirlos ala sartén. Dejarlo cocinar por 5 minutos.",
        "Distribuir esta preparación en las tortillas y arollar. Pueden acompañarse con frijoles."
    ],
    "servings": "Comen 4",
    "difficulty": "Normal"
}