{
    "id": "8a9c6b8bac92405d8faa0f0847b36977",
    "name": "Carne asada",
    "country": "Mexico",
    "time": "Total: 25' = 10' prep. + 15' coc.",
    "link": "https://www.recetas.com/receta-de-Carne-asada-5373.html",
    "ingredients": [
        "250 cc .de cervezaJugo de 4 naranjasJugo de 4 limones1 kg. de costillas de res para asar1 kg. de filetes de diezmilloAjos y cebollas a gustoSal y pimienta a gustoCarbón para asar la carne"
    ],
    "steps": [
        "Licua la cerveza, los jugos de naranja y limón, el ajo, la cebolla, sal y pimienta.",
        "Poner la carne en un recipiente amplio y bañarla con el preparado anterior. Dejar reposar todo un día, para que tome sabor.",
        "Asar la carne sobre brasas de carbón hasta el punto deseado, mojando de tanto en tanto con la marinada."
    ],
    "servings": "Comen 10",
    "difficulty": "Fácil"
}