{
    "id": "8ac2d929020e4896a9c4bd25105c766a",
    "name": "Atún marinero",
    "country": "España",
    "time": "Total: 50' = 20' prep. + 30' coc.",
    "link": "https://www.recetas.com/atun-marinero.html",
    "ingredients": [
        "1 kg de atún fresco 1 cda. de harina1 cebolla2 tomates1/2 vaso de vinagre4 cdas. de aceite1 taza de vino blanco secoPerejil picado 1 ramito de hierbasAjoPerejilSalPimientaPuré de patatas"
    ],
    "steps": [
        "Caliente el aceite en una cacerola, dore en él el trozo de atún de ambos lados; retírelo y, en el mismo aceite, dore apenas la cebolla picada.",
        "Espolvoree con la harina y revuelva hasta que tome algo de color, moje con el vino blanco, el vinagre y dos vasos de agua; agregue los tomates pelados, picados y escurridos, el diente de ajo golpeado, las hierbas aromáticas, sal y pimienta. Deje hervir suavemente 5 minutos y ponga el trozo de atún; tape y cueza a calor suave media hora.",
        "A último momento agregue el perejil picado; sirva el atún con su salsa acompañado con el puré de patatas."
    ],
    "servings": "Comen 6",
    "difficulty": "Normal"
}