{
    "id": "8af54a81d2914ddbb20a6672a9f4240b",
    "name": "Creamy Swedish meatballs",
    "country": "sweden",
    "time": "Preparation and cooking time Prep: 5 mins Cook: 15 mins",
    "link": "https://www.bbcgoodfood.com/recipes/creamy-swedish-meatballs",
    "ingredients": [
        "1 onion finely chopped",
        "450g minced pork (or lamb)",
        "1 egg yolk",
        "3 sprigs dill finely chopped",
        "1 tbsp vegetable oil",
        "3-4 tbsp soured cream"
    ],
    "steps": [
        "step 1 Mix together the onion, pork, egg yolk and half the dill in a bowl. Lightly wet your hands, then shape the mixture into 12 balls, each about the size of golf ball.",
        "step 2 Heat the oil in a large frying pan. Tip in the meatballs and fry, turning often, for about 12-15 mins until golden all over. Mix together sour cream and remaining dill, then spoon over the meatballs. Serve with mashed potato or tagliatelle."
    ],
    "servings": "Serves 4",
    "difficulty": "Easy"
}