{
    "id": "8b1d06fd992440e0b3f4185324bbd278",
    "name": "Pollo con aceitunas",
    "country": "Italia",
    "time": "Total: 2 h & 57' = 2 h & 7' prep. + 50' coc.",
    "link": "https://www.recetas.com/receta-de-Pollo-con-aceitunas-7739.html",
    "ingredients": [
        "1 pollo en presas1 cebolla2 ramas de apio1 zanahoria1 copa de vermut1 copita de coñac2 dientes de ajoOréganoCáscarea de media naranja rallada1 cda. de pimienta en granoSal100 gr. de aceitunas verdes o negras descarozadas"
    ],
    "steps": [],
    "servings": "Comen 4",
    "difficulty": "Fácil"
}