{
    "id": "8b1edd7c0b1648df9ff772c6733df3b7",
    "name": "Lomo asado con maíz tierno",
    "country": "Colombia",
    "time": "Total: 1 h = 30' prep. + 30' coc.",
    "link": "https://www.recetas.com/receta-de-Lomo-asado-con-maiz-tierno-2422.html",
    "ingredients": [
        "150 gr. de lomo de res1 cdta. de pimienta negra molida2 cdas. de aceite o mantequilla1 cda. de cebolla blanca picada1/2 diente de ajo picado2 cdas. de maíz tierno2 cdas. de tomate pelado y picado1/4 de taza de crema de leche1 cda. de hojas de cilantro picadoSal y pimienta recién molida."
    ],
    "steps": [
        "Preparación:",
        "Colocar una sartén al fuego y dejar por un rato. Una vez caliente, agregar el aceite (o la mantequilla).",
        "Sazonar la carne con sal y pimienta y llevar dentro del sartén para que se dore por ambos lados.",
        "Una vez que se encuentre dorada, tierna y jugosa, retirar de la sartén y reservar caliente.",
        "Salsa: En la misma sartén, dejar sofreír la cebolla, el ajo, el maíz tierno. Agregar la crema de leche y el tomate. Dejar cocinar por unos minutos y añadir cilantro.",
        "Una vez lista, presentar el lomo en una bandeja con la salsa por encima."
    ],
    "servings": "Comen 1",
    "difficulty": "Fácil"
}