{
    "id": "8b930dcbeb8a4de7999c682a2f93e114",
    "name": "Black-eyed bean mole with salsa",
    "country": "mexico",
    "time": "Preparation and cooking time Prep: 15 mins Cook: 5 mins - 8 mins",
    "link": "https://www.bbcgoodfood.com/recipes/black-eye-bean-mole-salsa",
    "ingredients": [
        "1 red onion finely chopped",
        "2 large tomatoes chopped",
        "2 tbsp fresh coriander",
        "½ lime zest and juice",
        "2 tsp rapeseed oil",
        "1 red onion halved and sliced",
        "1 garlic clove finely grated",
        "1 tsp ground coriander",
        "1 tsp mild chilli powder",
        "½ tsp ground cinnamon",
        "400g can black-eyed beans in water",
        "2 tsp cocoa",
        "1 tsp vegetable bouillon",
        "1 tbsp tomato purée"
    ],
    "steps": [
        "step 1 Tip all the salsa ingredients into a bowl and stir together.",
        "step 2 For the mole, heat the oil in a non-stick pan, add the onion and garlic and fry stirring frequently until softened. Tip in the spices, stir then add the contents of the can of beans with the cocoa, bouillon and tomato purée. Cook, stirring frequently to make quite a thick sauce.",
        "step 3 Spoon into shallow bowls, top with the salsa and serve."
    ],
    "servings": "Serves 2",
    "difficulty": "Easy"
}