{
    "id": "8c8fd5b38de84f278747387a6c6a5ef1",
    "name": "Moretto",
    "country": "Italia",
    "time": "Total: 10' = 10' prep. + - coc.",
    "link": "https://www.recetas.com/moretto.html",
    "ingredients": [
        "50 gr. de chocolateNata montadaCanelaCacao en polvoRon4 tacitas de café fuerte"
    ],
    "steps": [
        "En el café bien caliente, hacer disolver el chocolate cortado en pedacitos o picado.",
        "Aromatizar la bebida con una cuchara de ron y servir en 4 tacitas, sobre un copo de nata montada.",
        "Completar cada tacita, espolvoreando con la canela y el caco mezclado. Servir enseguida."
    ],
    "servings": "Comen 4",
    "difficulty": "Normal"
}