{
    "id": "8cbfc18eac4d4494be608a754e16fdad",
    "name": "Crema de Jamón",
    "country": "España",
    "time": "Total: 15' = 5' prep. + 10' coc.",
    "link": "https://www.recetas.com/receta-de-Crema-de-Jamon-1207.html",
    "ingredients": [
        "1 taza de puré de verduras 1 loncha de Jamón cocido1 cda. de caldo de ave"
    ],
    "steps": [
        "Triturar el jamón, y agregar al picadillo el caldo de ave y la taza de caldo de verduras.",
        "Mezclar bien y llevar al fuego a calentar."
    ],
    "servings": "Comen 1",
    "difficulty": "Fácil"
}