{
    "id": "8d276b1cfd4c41aeabee8a1fb8a7f847",
    "name": "Canelones rellenos con salchichas",
    "country": "España",
    "time": "Total: 1 h & 35' = 45' prep. + 50' coc.",
    "link": "https://www.recetas.com/receta-de-Canelones-rellenos-con-salchichas-3606.html",
    "ingredients": [
        "16 canelones3 salchichas frescas8 lonchas de queso"
    ],
    "steps": [
        "Preparación:",
        "Coloca abundante agua con sal y un chorrito de aceite en una cacerola que sea bastante amplia. Una vez que hierva añade la masa de los canelones, de uno en uno.Déjalos cocinar por unos 10 o 12 minutos. Retíralos del agua, escurre bien cada uno y acomódalos sobre un paño limpio.",
        "Por otro lado pica la cebolleta en pedacitos muy pequeños y ponla a rehogar en un sartén con aceite. A medida que se vaya dorando, añade la zanahoria y las judías verdes bien picaditas.Deja rehogar unos minutos y agrega posteriormente el tomate pelado y picado en cubos. Deja cocinar todo junto durante unos 5 minutos.",
        "Abre las salchichas, quítales la piel y añáde la carne de las mismas a las verduras. Condimenta con sal y pimienta a gusto y deja cocinar hasta que la carne este hecha.Pasa esta preparación a una fuente para que se entibie un poco.",
        "Posteriormente rellena los canelones con las verduras y la carne y colócalos en una placa apta para el horno.Para hacer la bechamel pon en un recipiente, a fuego lento, un par de cucharadas de aceite, añade la harina y rehoga brevemente. Vierte la leche poco a poco, sin dejar de remover y cocina hasta que espese. Sazona y espolvorea con un poco de perejil picado.",
        "Cubre los canelones con la salsa bechamel, extiende las rodajas de queso por encima y pónlos a gratinar en el horno unos 5 minutos. Sácalos y decora por encima con una rama de perejil."
    ],
    "servings": "Comen 4",
    "difficulty": "Fácil"
}