{
    "id": "8d83e4de7aa34b578d370f2ae73948b0",
    "name": "Bacalao a la vasca",
    "country": "España",
    "time": "Total: 1 h & 5' = 15' prep. + 50' coc.",
    "link": "https://www.recetas.com/bacalao-a-la-vasca.html",
    "ingredients": [
        "1 y 1/2 kg. de bacalao fresco3 dientes de ajo6 cebollas750 gr. de pimientos rojos1 kg. de tomatesTomilloLaurel1 vaso de aceite1/2 vaso de vino blancoSalPimienta"
    ],
    "steps": [
        "Haga cortar un trozo de pescado de la parte gruesa.",
        "Pele los ajos y córtelos en cuartos a lo largo; meche con ellos el pescado.",
        "Corte las cebollas en rodajas, los pimientos en tiritas y los tomates en cuartos.",
        "Caliente dos cdas. de aceite en una fuente de horno, agregue las cebollas y pimientos y deje que se doren apenas.",
        "Agregue dos cdas. más de aceite en la fuente, acomode en ella el trozo de pescado y los tomates, cubriéndolo con parte de las verduras, trocitos de laurel y briznas de tomillo.",
        "Eche también por encima el vino y el aceite restante, añada un poco de agua y cueza a horno moderadamente caliente 50 minutos.",
        "Quite la piel al pescado y sírvalo con la salsa."
    ],
    "servings": "Comen 6",
    "difficulty": "Normal"
}