{
    "id": "92939a987ff6483ea0b5af1b8555b059",
    "name": "Hamburguesas tres sabores",
    "country": "Argentina",
    "time": "Total: 40' = 30' prep. + 10' coc.",
    "link": "https://www.recetas.com/receta-de-Hamburguesas-tres-sabores-3751.html",
    "ingredients": [
        "200 gr. de carne vacuna picada200 gr. de carne de cerdo picada200 gr. de salchicha fresca1 cebolla1 manzana rallada1 zanahoriaAceite de olivaSal y pimienta"
    ],
    "steps": [
        "Picar finamente la cebolla y la zanahoria. Reservar. Desmenuzar la salchicha fresca.",
        "Mezclar la carne vacuna junto con la cebolla por un lado, la carne de cerdo junto con la manzana rallada por otro y finalmente la salchicha junto con la zanahoria aparte. Agregar sal y pimienta a gusto en cada preparación.",
        "Preparar pequeñas hamburguesas con cada uno de los sabores (50 gr. aprox. para cada una) y cocinar en el horno bien caliente o a la plancha.",
        "Servir 3 unidades por comensal, una de cada gusto."
    ],
    "servings": "Comen 4",
    "difficulty": "Fácil"
}