{
    "id": "93bbec7eb7a64835bfde9898d7472bec",
    "name": "Tarta de Santiago",
    "country": "Chile",
    "time": "Total: 50' = 20' prep. + 30' coc.",
    "link": "https://www.recetas.com/receta-de-Tarta-de-Santiago-6417.html",
    "ingredients": [
        "4 huevos200 gr. de azúcar200 gr. de almendras molidasCáscara rallada de limónAzúcar glas"
    ],
    "steps": [
        "Batir los huevos con el azúcar y la piel de limón y luego añadir la almendra molida",
        "Engrasar un molde, enharinarlo y cocer en el horno a 175ºC durante 30 minutos."
    ],
    "servings": "Comen 6",
    "difficulty": "Fácil"
}