{
    "id": "9455bb5e03e34e7285589174a99e54b9",
    "name": "Soufflé de naranja Diet",
    "country": "Chile",
    "time": "Total: 20' = 10' prep. + 10' coc.",
    "link": "https://www.recetas.com/receta-de-Souffle-de-naranja-Diet-6085.html",
    "ingredients": [
        "1/2 lt. de leche2 yemas 3 cdas. de endulzante 1 cda. de gelatina de naranja 1 cda. de fécula de maíz 3 claras  1 cdta. de ralladura de naranja"
    ],
    "steps": [
        "Mezclar la gelatina con la leche y la fécula.En una cacerola, batir las yemas a blanco, e incorporarle la leche mezclada con la gelatina y la fécula.Cocinar hasta espesar.",
        "Dejar enfriar y añadir el endulzante más una cucharadita de ralladura de naranja.",
        "Sumar las claras batidas a nieve y mezclar con movimientos envolventes.",
        "Verter la preparación en moldes individuales y llevar a la heladera hasta el momento de servir."
    ],
    "servings": "Comen 4",
    "difficulty": "Fácil"
}