{
    "id": "956d76bd172c4624b755fb6cda01278f",
    "name": "Torta de zanahoria",
    "country": "Mexico",
    "time": "Total: 1 h & 15' = 30' prep. + 45' coc.",
    "link": "https://www.recetas.com/receta-de-Torta-de-zanahoria-1251.html",
    "ingredients": [
        "1 kg. de zanahoria pelada y cocida en agua1 taza de azúcar1 taza de harina de arroz1 cda. polvo para hornearRalladura de 1 naranja 6 huevos 1/4 kg. de pasas250 gr. de mantequilla"
    ],
    "steps": [
        "Procesar todos los ingredientes juntos, menos las pasas, mezclando bien para que se integren. Una vez hecho esto, agregar las pasas y mezclar.",
        "Engrasar y enharinar un molde para tortas. Vaciar en él la preparación y llevar al horno.",
        "Hornear a 350ºC por 45 minutos, o hasta que al meter un palillo salga seco."
    ],
    "servings": "Comen 6",
    "difficulty": "Fácil"
}