{
    "id": "97975d7e30ce4fe4bec80e75b46bbccd",
    "name": "Costillitas de cordero con chutney de higos",
    "country": "Argentina",
    "time": "Total: 1 h = 30' prep. + 30' coc.",
    "link": "https://www.recetas.com/receta-de-Costillitas-de-cordero-con-chutney-de-higos-6258.html",
    "ingredients": [
        "12 costillitas de corderoAceite de oliva, c/n Sal y pimienta, c/n Hierbas, c/n1 diente de ajo aplastado"
    ],
    "steps": [],
    "servings": "Comen 4",
    "difficulty": "Normal"
}