{
    "id": "981f4796cc8048428da50d8ea3cca494",
    "name": "Anticuchos",
    "country": "Peru",
    "time": "Total: 30' = 20' prep. + 10' coc.",
    "link": "https://www.recetas.com/anticuchos.html",
    "ingredients": [
        "1 corazón de ternera 2 dientes de ajo 1 cebolla 3 pimientos rojos 1 lima150 ml de vinagre de vino blanco 3 cdas. de aceite de oliva v. e. Comino Sal Pimienta"
    ],
    "steps": [
        "Para preparar los anticuchos, limpiar el corazón quitando las venas y la grasa y corta en trozos del tamaño de una nuez.",
        "Luego preparar el adobo, verter en un tazón grande el jugo de lima filtrado, el vinagre y el aceite. Retirar las semillas de los pimientos, procesarlos y añadirlos al líquido.",
        "A continuación, agregar los dientes de ajo, picados groseramente, la cebolla en rodajas, una pizca de semillas de comino y una pizca de pimienta. Mezclar todo y marinar las piezas de corazón, que deberán reposar durante al menos 10 horas.",
        "Una vez transcurrido el tiempo de adobo, escurrir los trozos de corazón sin tirar el adobo. Pincharlos en palillos de brochetas y cocinarlos en una placa caliente (o una parrilla), condimentados con sal, durante 3-4 minutos por cada lado.",
        "Durante esta breve cocción, humedecerlos con frecuencia, pincelándolos con el adobo en el que descansaron. Servir los anticuchos inmediatamente, cuando aún estén calientes.",
        "Consejos: En lugar de chiles, si se quiere respetar más a la receta original peruana, se puede conseguir pasta de Ajì Panca, que se puede comprar en tiendas especializadas en comida étnica, grandes supermercados o en Internet.",
        "Pedir al carnicero de confianza que limpie y corte el corazón de carne en trozos pequeños!",
        "Ideas y variantes: ¡La tradición dice que los anticuchos se sirven con maíz cocido al vapor o al horno y patatas hervidas!"
    ],
    "servings": "Comen 2",
    "difficulty": "Normal"
}