{
    "id": "9b0b50cad37646a5b8ccd95c3feb2a5e",
    "name": "Pear, nut & blackberry Bircher",
    "country": "sweden",
    "time": "Preparation and cooking time Prep: 10 mins Cook: 2 mins plus 1 hr chilling",
    "link": "https://www.bbcgoodfood.com/recipes/pear-nut-blackberry-bircher",
    "ingredients": [
        "1 small ripe pear",
        "4 tbsp rolled oats",
        "¼ tsp cinnamon",
        "100g Greek yogurt or soya yogurt",
        "4-6 macadamia nuts",
        "a small handful of blackberries",
        "a small handful of pomegranate seeds"
    ],
    "steps": [
        "step 1 Grate the pear (skin, pips and all) and scoop the pulp and any juice on the chopping board into a small sealable container or jam jar with a tight-fitting lid.",
        "step 2 Add the oats, cinnamon and yogurt. Stir well. Toast the macadamia nuts in a dry frying pan for 2 mins. Chop the nuts, then sprinkle over the Bircher with a small handful of blackberries and pomegranate seeds. Place in the fridge for at least 1 hr to chill, or overnight, before eating."
    ],
    "servings": "Serves 1",
    "difficulty": "Easy"
}