{
    "id": "9cb5fb10639e493aaea7e3f037910494",
    "name": "Chicken Yakitori",
    "country": "japan",
    "time": 35,
    "link": "https://www.hellofresh.com/recipes/chicken-yakitori-568d5c99fd2cb9040a8b4567",
    "ingredients": [
        "12 ounceChicken Breasts",
        "2 cloveGarlic",
        "2 unitScallions",
        "4 ounceGreen Beans",
        "1 unitRed Onion",
        "9 ounceChuka Soba Noodles(Contains  Eggs, Wheat)",
        "2 tablespoonHoisin Sauce(Contains  Soy, Wheat)",
        "9 teaspoonSoy Sauce(Contains  Soy, Wheat)",
        "1 tablespoonSriracha",
        "4 unitWooden Skewers",
        "4 teaspoonOlive Oil"
    ],
    "steps": [
        "Prep the ingredients: Preheat the oven to 425 degrees. Soak the skewers in a shallow dish filled with water. Thinly slice the scallions, keeping the white and green parts separate. Trim and halve the green beans. Halve, peel, and thinly slice the red onion. Mince the garlic. Cut the chicken into bite-sized pieces and set aside in a medium bowl.",
        "Marinate the chicken: Toss chicken with the garlic, hoisin, and half the soy sauce.",
        "Cook the onions: Heat a drizzle of oil in a large pan over medium-high heat. Add the onions and cook, tossing occasionally, for 7-8 minutes, until golden brown.",
        "Prep and bake the chicken skewers: Meanwhile, remove the chicken from the marinade and thread onto the skewers. Place onto a lightly oiled baking sheet and bake in the oven for about 10-12 minutes, until slightly caramelized and cooked through.",
        "Cook the noodles: While the chicken bakes, add a large drizzle of oil to the pan. Add the noodles, green beans, scallion whites, and 1/4 cup water to the pan and cook, stirring occasionally, until the water evaporates and the green beans become crisp-tender. Cook for another 4-5 minutes, without stirring, until the noodles begin to crisp on the bottom of the pan.\nHINT: If you’re having trouble crisping the noodles, an extra drizzle of oil will help.",
        "Dress the noodles: Toss the noodles with the remaining soy sauce and as much sriracha as you dare.",
        "Plate: Serve the chicken yakitori over the noodles, sprinkled with the scallion greens. Enjoy!"
    ],
    "servings": "2",
    "difficulty": "Medium"
}