{
    "id": "9d01d345679c48a4b62785ef4c54f935",
    "name": "Spaguetti a la carbonara",
    "country": "Italia",
    "time": "Total: 30' = 10' prep. + 20' coc.",
    "link": "https://www.recetas.com/receta-de-Spaguetti-a-la-carbonara-7829.html",
    "ingredients": [
        "400 gr. de spaguetti2 cebollas175 gr. de champiñones175 gr. de bacon (tiras)AceiteSalPimientaLaurelNata líquida"
    ],
    "steps": [
        "Cocinar los spaquettis en abundante agua salada hirviendo, junto con una hoja de laurel.",
        "Limpiar los champiñones y agregarlos al salteado anterior. Agregar la nata, revolver durante 30 segundos y retirar del fuego.",
        "Escurrir los spaquettis, volcarlos en la sartén con la salsa, remover un par de minutos y servir."
    ],
    "servings": "Comen 4",
    "difficulty": "Fácil"
}