{
    "id": "9e680276d57f42e69b94eade08ef5716",
    "name": "Torta caprese",
    "country": "Italia",
    "time": "Total: 1 h & 20' = 35' prep. + 45' coc.",
    "link": "https://www.recetas.com/torta-caprese.html",
    "ingredients": [
        "250 gr. de almendras repeladas200 gr. de azúcar200 gr. de mantequilla150 gr. de chocolate negro5 huevosAzúcar glas"
    ],
    "steps": [
        "Picar las almendras no demasiado finas, con un mixer o cuchillo grande.",
        "Picar el chocolate con un cuchillo.",
        "Batir la mantequilla blanda con el azúcar.",
        "Añadir las yemas de huevo de una en una, mezclando bien luego de cada adición.",
        "Incorporar el chocolate picado y las almendras molidas; mezclar bien.",
        "En un bol muy limpio, batir las claras de huevo a punto de nieve e incorporarlas suavemente a la mezcla anterior.",
        "Poner la mezcla en un molde para horno, engrasado y cubierto con papel manteca o pergamino; hornear a 170 grados durante 45 minutos.",
        "Después de este tiempo, retirar el pastel del horno y deje que se enfríe completamente, luego desmoldar suavemente y colocarlo en un plato de servicio; espolvorear la torta caprese con azúcar glas y servir.",
        "Consejo: Mantenga la torta caprese a temperatura ambiente, preferiblemente bajo una campana de vidrio, durante 2-3 días como máximo."
    ],
    "servings": "Comen 8",
    "difficulty": "Normal"
}