{
    "id": "9ead838cf57e485f90922096ac055beb",
    "name": "Sangría para el aperitivo",
    "country": "España",
    "time": "Total: 40' = 40' prep. + - coc.",
    "link": "https://www.recetas.com/sangria-para-el-aperitivo.html",
    "ingredients": [
        "6 clavos de olor1 limón1 duraznoVino tintoCanela1 cda. de azúcar1 naranja1 vasito (chupito) de brandy"
    ],
    "steps": [
        "Cortar un durazno, una naranja y un limón en rodajas, ponerlos en una jarra y verter más de un cuarto de litro de vino tinto.",
        "Agregar un trozo de canela, 6 clavos de olor, una copita de brandy y una cucharada de azúcar; dejar reposar durante media hora.",
        "Finalmente, verter más vino tinto en la jarra hasta que esté llena, mezclar y refrigerar por un par de horas. Al momento de servir, distribuir la sangría en los vasos con un poco de la fruta."
    ],
    "servings": "Comen 6",
    "difficulty": "Normal"
}