{
    "id": "a02d009bb3db44abb9c6439a69137ba4",
    "name": "Huevos revueltos australes",
    "country": "Chile",
    "time": "Total: 20' = 10' prep. + 10' coc.",
    "link": "https://www.recetas.com/huevos-revueltos-australes.html",
    "ingredients": [
        "8 huevos1 latita de centolla al naturalSalPimientaCurryLimónMantequilla4 tostadas"
    ],
    "steps": [
        "Escurra la centolla, deshágala y caliéntela en una cda. de mantequilla; agréguele sal, pimienta y jugo de limón.",
        "Bata los huevos con sal, pimienta y una pizca de curry, no mucho para que no nuble el delicado sabor de la centolla; agregue unos trocitos de mantequilla.",
        "Eche el batido sobre la centolla en la sartén y cueza a calor suave, revolviendo hasta que el huevo se cueza pero quede cremoso.",
        "Sirva el revuelto sobre las tostadas con una ensalada fresca aparte."
    ],
    "servings": "Comen 4",
    "difficulty": "Normal"
}