{
    "id": "a1286f904dd8450eb7955999f0d9f62a",
    "name": "Queque de almendras y té",
    "country": "Chile",
    "time": "Total: 1 h = 15' prep. + 45' coc.",
    "link": "https://www.recetas.com/receta-de-Queque-de-almendras-y-te-3664.html",
    "ingredients": [
        "3 tazas de harina"
    ],
    "steps": [
        "Preparación:",
        "Calentar la leche y cuando esté a punto de hervir la sacamos del fuego y agregamos las bolsitas de té. Dejar que se enfrié impregnándose con el té.",
        "En un bol batir la mantequilla con el azúcar hasta que esté suave, agregar las almendras, la ralladura de naranja y los huevos uno a uno. Por otra parte cernir la harina y los polvos. Mezclar la harina con los ingredientes humados y alternar con la leche. Mezclar bien todo de forma envolvente.",
        "Vaciar el contenido en un molde previamente enmantequillado y enharinado y llevar al horno precalentado a temperatura media (160°) por 45 minutos, apagar el horno y dejar que se entibie dentro.",
        "Desmoldar y espolvorear azúcar flor."
    ],
    "servings": "Comen 10",
    "difficulty": "Fácil"
}