{
    "id": "a1d335b7bebd4e02bca9e0b1e25b8192",
    "name": "Peras al café",
    "country": "Mexico",
    "time": "Total: 1 h & 5' = 45' prep. + 20' coc.",
    "link": "https://www.recetas.com/receta-de-Peras-al-cafe-3799.html",
    "ingredients": [
        "5 peras grandes1 cm. de jegibre fresco rallado100 gr. de azúcar4 cdas. de café instanáneo2 palos de canela5 uds. de anís estrellado"
    ],
    "steps": [
        "Prepararción:",
        "En una cacerola, tostar ligeramente la canela, el jengibre y el anís, para que suelten sus aromas. Incorporar el azúcar, cubrir con agua y llevar a hervor para preparar un almibar liviano.",
        "Pelar las peras e incorporarlas al almibar. dejar cocinar hasta que estén tiernas.",
        "Una vez listas las peras, retirarlas del almibar junto con la canela, el jengibre y el anís.Agregar entonces al almibar el café instantáneo, mezclar bien y dejar hervir para formar un almibar más espeso.",
        "Servir las peras acompañadas con su almibar."
    ],
    "servings": "Comen 5",
    "difficulty": "Fácil"
}