{
    "id": "a2789dec02424c14bb1722f94c27e804",
    "name": "Picadillo para tacos mañaneros",
    "country": "Mexico",
    "time": "Total: 35' = 10' prep. + 25' coc.",
    "link": "https://www.recetas.com/receta-de-Picadillo-para-tacos-mananeros-5997.html",
    "ingredients": [
        "500 gr. de pulpa molida2 papas1/4 de cebolla1 diente de ajoCominos"
    ],
    "steps": [
        "Ppicar las papas en cubos chicos enjuagar y dejar en agua",
        "Poner a cocinar la carne en su propio jugo, cuando se reseque agregar un chorrito de aceite y dorar la carne.",
        "Escurrir las papas, agregarlas junto con la cebolla y freir",
        "Aparte moler en un molcajete los cominos y el ajo y agregar al guiso con un poco de agua, poner sal dejar hervir rectificar la sazón y listo",
        ""
    ],
    "servings": "Comen 6",
    "difficulty": "Fácil"
}