{
    "id": "a2ef30dcda724d489e2d355a6f88e8a6",
    "name": "Camarones a la crema",
    "country": "Colombia",
    "time": "Total: 25' = 10' prep. + 15' coc.",
    "link": "https://www.recetas.com/receta-de-Camarones-a-la-crema-3679.html",
    "ingredients": [
        "1 y 1/2 libra de camarones"
    ],
    "steps": [
        "Preparación:",
        "Limpiar y cocinar los camarones en agua con limón, durante 3 minutos.",
        "Preparar la salsa en una cazuelita mezclando la crema de leche con la mostaza, la pasta de ajo, la sal y la pimienta. Dejar cocer unos minutos hasta que esté todo bien integrado.",
        "Colocar los camarones en conchas y verter la salsa sobre cada una de ellas."
    ],
    "servings": "Comen 6",
    "difficulty": "Fácil"
}