{
    "id": "a33b0eb25a674c37bda10148bf47d985",
    "name": "Pollo con níscalos",
    "country": "España",
    "time": "Total: 1 h = 15' prep. + 45' coc.",
    "link": "https://www.recetas.com/receta-de-Pollo-con-niscalos-2285.html",
    "ingredients": [
        "1 pollo trozado250 gr. de níscalos (u otra seta comestible)1 cebolla1 pimiento verde1 berenjena2 tomates maduros1 chorrito de brandy3 dientes de ajo1 puñadito de alcaparrasAceitePerejilPimentón dulceTomilloOréganoAjo molidoSalPimienta2 hojas de laurel1 pastilla de caldo de pollo1 y 1/2 vaso de agua"
    ],
    "steps": [
        "Adobar el pollo con sal, pimienta negra, perejil, pimentón dulce, orégano, tomillo, ajo molido y un chorrito de aceite, dejándolo un par de horas en la nevera. Pasado este tiempo (si es más no pasa nada), poner el pollo a freír en una sartén hasta que esté dorado.",
        "En la misma sartén y con el mismo aceite, sofreír la cebolla, el pimiento, los dientes de ajo y la berenjena, todos bien picaditos, y añadir los tomates también bien picados. Pochar bien.",
        "En una olla de barro o una sartén grande y honda, poner el sofrito y el pollo, deshacer la pastilla de caldo, añadir el taponcito de brandy, los níscalos, y cocinar unos 7 minutos, añadir entonces el agua, las alcaparras y las hojas de laurel y dejar cocer unos 20 minutos más o menos."
    ],
    "servings": "Comen 6",
    "difficulty": "Normal"
}