{
    "id": "a3992e80e52c4ae49ff939c9e2f775e5",
    "name": "Budín de papas",
    "country": "Argentina",
    "time": "Total: 1 h & 40' = 30' prep. + 1 h & 10' coc.",
    "link": "https://www.recetas.com/receta-de-Budin-de-papas-3252.html",
    "ingredients": [
        "3/4 kg de papa"
    ],
    "steps": [
        "Preparación:",
        "Tapizar una budinera grande con papel de manteca o aluminio y aceitarle bien. Cortar las papas en finas fetas y tapizar la budinera en forma alternada con rodajas finas de cebolla y algunas arvejas. A medida que se van superponiendo las capas condimentar con sal, pimienta , orégano y el queso rallado. Verter por encima la crema de leche mezclada con los huevos batidos y un poco de sal . Colocar por encima la manteca cortada en trocitos. Tapar la budinera con papel aluminio y cocinar en el horno moderado durante 1 hora. Retirar el papel y cocinar 10 minutos más para dorar la superficie. Decorar al servir con arvejas al natural"
    ],
    "servings": "Comen 4",
    "difficulty": "Fácil"
}