{
    "id": "a4d126e9efe94ad6a470223c663f2566",
    "name": "Michelada (Mexican beer cocktail)",
    "country": "mexico",
    "time": "Preparation and cooking time Prep: 5 mins",
    "link": "https://www.bbcgoodfood.com/recipes/michelada",
    "ingredients": [
        "1 tsp salt",
        "1 tsp chilli powder",
        "1 tsp black pepper",
        "1 slice lime plus juice of ½ lime",
        "ice",
        "3 shakes hot sauce",
        "Mexican lager"
    ],
    "steps": [
        "step 1 Mix 1 tsp each salt, chilli powder and black pepper on a plate. Wipe the rim of the glass with a slice of lime and roll in the spice mix. Add ice, juice ½ lime and 3 shakes hot sauce, then top up with Mexican lager."
    ],
    "servings": "Serves 1",
    "difficulty": "Easy"
}