{
    "id": "a4e2b43fb6b541d991f96344baa85890",
    "name": "Omelette relleno",
    "country": "Mexico",
    "time": "Total: 10' = 5' prep. + 5' coc.",
    "link": "https://www.recetas.com/receta-de-Omelette-relleno-6224.html",
    "ingredients": [
        "1 huevo1 rebanada de quesoAceite"
    ],
    "steps": [
        "Batir el huevo y vaciar en una sartén con aceite bien caliente.",
        "Dar vuelta y agregar el queso.",
        "Doblar a la mitad y dejar que tome color por ambos lados. Servir"
    ],
    "servings": "Comen 1",
    "difficulty": "Fácil"
}