{
    "id": "a54b71fa74ca45a98eaf186061f65a56",
    "name": "Ceviche",
    "country": "Mexico",
    "time": "Total: 35' = 20' prep. + 15' coc.",
    "link": "https://www.recetas.com/receta-de-Ceviche-2768.html",
    "ingredients": [
        "4 docenas de ostiones"
    ],
    "steps": [
        "Preparación:",
        "Acomode los ostiones y el pescado en un recipiente de vidrio, agréguele el jugo de los limones y déjelo reposar una hora más o menos, para que tome color blanco. Enjuague el pescado y deseche el jugo. Regrese el pescado al recipiente, agregue la cebolla picada, el aceite, el cilantro, los chiles en rajas, el tomate picado, el aguacate, el orégano, las aceitunas enteras, sal y pimienta. Revuelva todo muy bien y sirva acompañado con limón partido y galletas de soda."
    ],
    "servings": "Comen 2",
    "difficulty": "Normal"
}