{
    "id": "a55fc6aa884047faa06ab8ce48dcf276",
    "name": "Tex-Mex Pork with Pineapple Salsa",
    "country": "mexico",
    "time": 30,
    "link": "https://www.hellofresh.com/recipes/tex-mex-pork-with-pineapple-salsa-66b3e6b79837107626dd5558",
    "ingredients": [
        "¾ cupJasmine Rice",
        "2 unitScallions",
        "¼ ounceCilantro",
        "1 unitLime",
        "4 ouncePineapple",
        "1 unitTex-Mex Paste",
        "10 ouncePork Chops",
        "1 tablespoonSouthwest Spice Blend",
        "2 tablespoonSmoky Red Pepper Crema(Contains  Milk)",
        "Salt",
        "Pepper",
        "1 teaspoonCooking Oil",
        "1 tablespoonButter(Contains  Milk)"
    ],
    "steps": [
        "• Wash and dry produce.\n• In a small pot, combine rice, 11⁄4 cups\nwater (21⁄4 cups for 4 servings), and a\npinch of salt. Bring to a boil, then cover\nand reduce to a low simmer. Cook\nuntil rice is tender, 15-18 minutes.\n• Keep covered off heat until ready\nto serve.",
        "• While rice cooks, drain pineapple over\na small bowl, reserving juice; roughly\nchop. Zest and quarter lime. Roughly\nchop cilantro. Trim and thinly\nslice scallions.\n• To bowl with pineapple juice, stir in\nTex-Mex paste, juice from half the\nlime, and 2 TBSP water (3 TBSP for\n4 servings).",
        "• In a medium bowl, combine chopped\npineapple, cilantro, scallions, and a\nsqueeze of lime juice to taste. Season\nwith salt and pepper.",
        "• Pat pork* dry with paper towels and\nseason all over with half the Southwest\nSpice Blend (all for 4 servings), salt,\nand pepper.\n• Heat a drizzle of oil in a large pan over\nmedium-high heat. Add pork and cook\nuntil browned and cooked through,\n4-6 minutes per side. TIP: If seasoning\nbegins to burn before pork is cooked\nthrough, reduce heat to medium.\n• Turn off heat; transfer to a cutting\nboard to rest for at least 5 minutes.\nWipe out pan.",
        "• Return pan used for pork to medium-\nhigh heat. Add Tex-Mex paste\nmixture and bring to a simmer. Cook,\nstirring occasionally, until slightly\nreduced, 2-3 minutes.\n• Remove from heat; stir in 1 TBSP butter\n(2 TBSP for 4 servings) until melted.",
        "• Fluff rice with a fork; stir in lime zest\nand season with salt and pepper.\n• Thinly slice pork crosswise.\n• Divide rice between bowls and top with\npork. Drizzle pork with pan sauce;\ngarnish with pineapple salsa and\nsmoky red pepper crema. Serve with\nany remaining lime wedges on the side.\nPork is fully cooked when internal temperature reaches 145°."
    ],
    "servings": "2",
    "difficulty": "Easy"
}