{
    "id": "a72231ba04fc4f348214d604ddf60ee4",
    "name": "Pollo relleno con queso",
    "country": "Mexico",
    "time": "Total: 1 h = 20' prep. + 40' coc.",
    "link": "https://www.recetas.com/receta-de-Pollo-relleno-con-queso-7330.html",
    "ingredients": [
        "4 milanesas grandes de pollo1 paquete de queso philadelphia (190 gr.)100 gr. de jamón de pavo cortado en tiras 2 chiles poblanos asados, pelados y desvenados partidos en tiras2 huevos 100 gr. pan molido Sal y pimienta al gusto Para la salsa:2 jitomates 1 chile guajillo desvenado1 chile ancho desvenado1/2 diente de ajoSal al gusto"
    ],
    "steps": [
        "En un molde mezclar con la batidora el queso, el pan molido y el huevo, luego agregar el chile poblano y el jamón, reservar.",
        "Aplanar y salpimentar las milanesas de pollo, disponer un poco de la mezcla sobre cada una de ellas y enrollar. Envolver con papel aluminio por separado y cocinarlas en una vaporera a fuego medio durante 40 min.",
        "Cortar el pollo en rodajas y servir sobre una capa de la salsa."
    ],
    "servings": "Comen 8",
    "difficulty": "Fácil"
}