{
    "id": "a8c708b088ef4686aae60d31d1d2457a",
    "name": "Almejas al Rojo Vivo",
    "country": "España",
    "time": "Total: 1 h = 40' prep. + 20' coc.",
    "link": "https://www.recetas.com/receta-de-Almejas-al-Rojo-Vivo-3327.html",
    "ingredients": [
        "2 kg. de almejas:"
    ],
    "steps": [
        "Preparación:",
        "Lavar bien las almejas en agua corriente y luego colocarlas en un bol con agua y sal durante unas tres horas.",
        "Aparte, picar finamente las cebollas y el cilantro.",
        "Retirar la carne de las almejas de lass conchas y colocar su jugo y su carne en un bol, agregar los pirres (eliminando las partes negras si es que tienen).",
        "Agregar además el jugo de limón, sal y pimienta. Por último agregamos el aceite y removemos para que se integren todos los ingredientes.",
        "Este plato se sirve acompañado con pan ligeramente tostado."
    ],
    "servings": "Comen 8",
    "difficulty": "Normal"
}