{
    "id": "a9094fca77734996a5d1910255a31c62",
    "name": "Bagna cauda",
    "country": "Italia",
    "time": "Total: 25' = 10' prep. + 15' coc.",
    "link": "https://www.recetas.com/bagna-cauda.html",
    "ingredients": [
        "6 dientes de ajo1/2 vaso de aceite de oliva virgen extra 6 filetes de anchoas 1 nuez de mantequillaPimienta al gusto"
    ],
    "steps": [
        "Pelar los dientes de ajo y picarlos finamente. Poner en una cacerola de barro el ajo picado con un chorrito de aceite de oliva virgen extra y las anchoas lavadas para retirarles el exeso de sal, cocinar a fuego lento, sin hacer hervir el aceite, revolviendo constantemente hasta reducir todo a una pasta suave y homogénea. Retirar del fuego y añadir un poco de mantequilla.",
        "Servir en la mesa en la misma cazuela de barro apoyada sobre un calentadores y sumergir las verduras en la salsa. Si se prefiere, utilizar la sabrosa salsa para acompañar trozos de carne de res o bolas de masa frita. La salsa es también muy sabrosa con patatas simplemente hervidas.",
        "La receta original no prevee la adición de nata, pero, según el gusto personal puede agregarse al gusto para hacer la salsa más suave pero igualmente deliciosa!"
    ],
    "servings": "Comen 1",
    "difficulty": "Normal"
}