{
    "id": "a9ee521edb5646a381983f072fa31552",
    "name": "Pisca Andina",
    "country": "Venezuela",
    "time": "Total: 30' = 10' prep. + 20' coc.",
    "link": "https://www.recetas.com/receta-de-Pisca-Andina-2098.html",
    "ingredients": [
        "4 tazas de agua5 papas 4 huevos 2 cditas. de aceite 1/2 litro de leche CilantroCebollín 1 cubito de pollo"
    ],
    "steps": [
        "Poner a hervir el agua y luego echarle el cebollín, las papas, el cubito, una pizca de sal y el aceite.",
        "Una vez que las papas estén cocidas, echar los huevos, la leche y el cilantro.",
        "Servir."
    ],
    "servings": "Comen 4",
    "difficulty": "Fácil"
}