{
    "id": "aaa22ec28b064cdd8c3e3ff56bbea0b9",
    "name": "Caipirinha clásica",
    "country": "Brasil",
    "time": "Total: 5' = 5' prep. + - coc.",
    "link": "https://www.recetas.com/caipirinha-clasica.html",
    "ingredients": [
        "1/2 lima1 cda de azúcar 60 ml de Cachaça Hielo"
    ],
    "steps": [
        "cortar en gajitos la lima y hechar en un vaso. Agregar el azúcar y apisonar suavemente.",
        "Agregar los cubitos de hielohasta completar el vaso.",
        "Añadir la Cachaça y mezclar los ingredientes con un agitador."
    ],
    "servings": "Comen 1",
    "difficulty": "Normal"
}