{
    "id": "aaec7c2aef944aa08607d96178fbcc61",
    "name": "Ensalada de alcaparras",
    "country": "Italia",
    "time": "Total: 20' = 20' prep. + - coc.",
    "link": "https://www.recetas.com/ensalada-de-alcaparras.html",
    "ingredients": [
        "500 gr. de alcaparras saladas1 ramita de menta1 diente de ajoAceite de oliva virgen extraVinagre de vino"
    ],
    "steps": [
        "Desalar con cuidado, las alcaparras bajo el chorro de agua fría; a continuación, dejarlas en remojo en un recipiente cubierto con agua durante un día, cambiando el agua con frecuencia.",
        "Pasado ese tiempo, escurrir las alcaparras, apretar suavemente y colocarlas en un plato de servicio.",
        "Pelar el ajo y molerlo en un mortero junto con las hojas de menta, lavadas y secas, y un puñado de alcaparras, hasta que la mezcla esté suave.",
        "Verter el pesto obtenido sobre las alcaparras, sazonar con aceite y vinagre al gusto, decorar con unas hojas de menta y servir."
    ],
    "servings": "Comen 8",
    "difficulty": "Normal"
}