{
    "id": "abbefd9225a6487da028e2f26565b99b",
    "name": "Puchero canario",
    "country": "España",
    "time": "Total: 3 h & 30' = 1 h & 30' prep. + 2 h coc.",
    "link": "https://www.recetas.com/receta-de-Puchero-canario-2208.html",
    "ingredients": [
        "1 kg. de carne de vaca y de cerdo1 gallina2 morcillas2 chorizos1/2 kg. de garbanzos2 zanahorias2 cebollas1/2 kg. de habichuelas1/2 col3 papas3 batatas1/2 kg. de calabazaAjosAzafránCilantro3 choclosPan fritoComino"
    ],
    "steps": [
        "Poner en remojo durante un largo tiempo los garbanzos.Preparar una olla muy grande donde se pondrá a hervir la carne.Una vez que tome calor, agregar la zanahoria, cebolla y garbanzos.Esperar que hierva.",
        "Cocinar durante media hora más y echar la morcilla, costilla y chorizo.Luego de una hora, echar todas las verduras.",
        "Aparte, saltear el perejíl, el comino, el azafrán, el cilantro, el pan frito y los ajos.Verter esta mezcla en la cacerola y esperar que hierva."
    ],
    "servings": "Comen 10",
    "difficulty": "Fácil"
}