{
    "id": "aeb40885a0564310b057e6f32c04b8d3",
    "name": "One-Pan Pork Fajita Lettuce Wraps",
    "country": "mexico",
    "time": 15,
    "link": "https://www.hellofresh.com/recipes/one-pan-pork-fajita-lettuce-wraps-66b1516578d91450badf817e",
    "ingredients": [
        "1 unitOnion",
        "1 unitLong Green Pepper",
        "1 unitLime",
        "1 unitBaby Lettuce",
        "1.5 ounceBlue Corn Tortilla Chips(Contains  Sesame)",
        "10 ounceGround Pork",
        "1 tablespoonFajita Spice Blend",
        "1 unitBeef Stock Concentrate",
        "3 tablespoonSour Cream(Contains  Milk)",
        "½ cupMexican Cheese Blend(Contains  Milk)",
        "1 teaspoonCooking Oil",
        "½ teaspoonSugar",
        "Salt",
        "Pepper"
    ],
    "steps": [
        "• Wash and dry produce.\n• Halve, peel, and finely dice onion. Core, deseed, and finely\ndice green pepper. Zest and quarter lime. Trim and\ndiscard root end from lettuce; separate leaves. Gently\ncrush tortilla chips in their bag into small pieces.",
        "• Heat a drizzle of oil in a large pan over medium-high heat.\nAdd onion, green pepper, and pork*. Season generously\nwith salt (we used 1⁄4 tsp; 1⁄2 tsp for 4 servings) and pepper.\nCook, breaking up meat into pieces, until pork is lightly\nbrowned and onion is slightly softened, 4-5 minutes.\n• Add Fajita Spice Blend; cook, stirring, 30 seconds. Stir in\nstock concentrate, 1⁄2 tsp sugar, and 1 TBSP water (use 1 tsp\nsugar and 2 TBSP water for 4). Cook, stirring occasionally,\nuntil pork is cooked through, 2-3 minutes more.",
        "• Meanwhile, in a small bowl, combine sour cream, lime\nzest, and juice from one lime wedge. Add water 1 tsp\nat a time until mixture reaches a drizzling consistency.\nSeason with salt and pepper.",
        "• Remove pan with pork filling from heat; sprinkle with\nMexican cheese blend. Cover pan until cheese melts,\n1-2 minutes.\n• Divide lettuce leaves between plates; fill with pork filling.\nDrizzle with lime crema and sprinkle with crushed\ntortilla chips. Serve with any remaining lime wedges on\nthe side.\nGround Pork is fully cooked when internal temperature reaches 160º."
    ],
    "servings": "2",
    "difficulty": "Easy"
}