{
    "id": "b03c4e94860446ab9dfd66997d5559d7",
    "name": "Empanadillas de queso triangulares",
    "country": "España",
    "time": "Total: 35' = 15' prep. + 20' coc.",
    "link": "https://www.recetas.com/receta-de-Empanadillas-de-queso-triangulares-1209.html",
    "ingredients": [
        "250 gr. de queso feta (queso blanco griego)1 taza de queso gruyere rallado1/2 taza de leche2 huevos1 taza de mantequilla derretida10 hojas de masa hojaldrada1 pizca de nuez moscada rallada"
    ],
    "steps": [
        "Aplastar el queso feta y colocar en un bol. Agregar los huevos junto con el queso gruyere (rallado previamente). Mezclar todos los ingredientes y añadir la leche y la nuez moscada.",
        "Cortar las hojas de masa de hojaldre, untarlas con manteca. Colocar una cucharada de la mezcla en una punta y doblar formando un triángulo.",
        "Colocar en una fuente apta para horno, untada con mantequilla, y por último cocinar en horno moderado, hasta que la masa esté dorada.",
        ""
    ],
    "servings": "Comen 10",
    "difficulty": "Normal"
}