{
    "id": "b0f441849b1641ea8dd02714e9980dfa",
    "name": "Spiced Organic Chicken & Chickpeas",
    "country": "south-africa",
    "time": 35,
    "link": "https://www.hellofresh.com/recipes/spiced-organic-chicken-chickpeas-6390cc91125eac96ae040203",
    "ingredients": [
        "1 unitChickpeas",
        "1 unitShallot",
        "2 cloveGarlic",
        "½ ouncePistachios(Contains  Tree Nuts)",
        "2 unitVeggie Stock Concentrate",
        "1 tablespoonShawarma Spice Blend",
        "½ cupBasmati Rice",
        "1 unitMini Cucumber",
        "4 ounceGrape Tomatoes",
        "1 unitLemon",
        "6 tablespoonVegan Mayo",
        "1 teaspoonHot Sauce",
        "10 ounceOrganic Chicken Cutlets",
        "1 teaspoonOlive Oil",
        "6 teaspoonCooking Oil",
        "Salt",
        "Pepper"
    ],
    "steps": [
        "• Adjust rack to top position and preheat oven\nto 425 degrees. Wash and dry produce.\n• Drain and rinse chickpeas; dry thoroughly\nwith paper towels, removing as much\nmoisture as possible. Halve, peel, and\nthinly slice shallot; mince a few slices until\nyou have 2 TBSP (4 TBSP for 4 servings).\nPeel and mince or grate garlic. Roughly\nchop pistachios.",
        "• In a medium bowl, toss chickpeas with half\nthe stock concentrates, half the Shawarma\nSpice Blend (you’ll use the rest in the next\nstep), a large drizzle of oil, and a pinch of\nsalt and pepper.\n• Spread chickpeas out in a single layer on a\nlightly oiled foil-lined baking sheet. Roast\non top rack, tossing halfway through, until\nchickpeas are slightly crispy, 18-20 minutes.\n(It’s natural for chickpeas to pop a bit\nwhile roasting.)\n• Wipe out bowl.",
        "• While chickpeas roast, heat a large drizzle\nof oil in a small pot (use a medium pot\nfor 4 servings) over medium-high heat.\nAdd minced shallot, half the garlic, half\nthe pistachios, remaining Shawarma\nSpice Blend, and a big pinch of salt. Cook,\nstirring, until fragrant, 30-60 seconds.\n• Stir in rice, remaining stock concentrates,\nand ¾ cup water (1½ cups for 4). Bring to\na boil, then cover and reduce heat to low.\nCook until rice is tender, 15-18 minutes.\nKeep covered off heat until ready to serve.\nPat chicken or organic chicken dry with\npaper towels; season with salt and\npepper. Heat a drizzle of oil in a large pan\nover medium-high heat. Cook chicken\nuntil cooked through, 3-5 minutes per\nside. Transfer to a cutting board to rest.",
        "• Quarter cucumber lengthwise; slice into\n½-inch-thick pieces. Halve tomatoes\nlengthwise. Zest and quarter lemon.\n• In bowl used for chickpeas, combine\ncucumber, tomatoes, and as much sliced\nshallot as you like. Toss with half the lemon\nzest, juice from one lemon wedge, and a\ndrizzle of olive oil. (For 4 servings, use juice\nfrom two wedges and a large drizzle of olive\noil.) Season with salt and pepper to taste.",
        "• In a small bowl, whisk together vegan\nmayo, remaining garlic, remaining lemon\nzest, and juice from one lemon wedge\n(two wedges for 4 servings).\n• Whisk in 2 TBSP water (4 TBSP for 4) until\ncombined. (If needed, add water 1 tsp\nat a time until sauce reaches a drizzling\nconsistency.) Season white sauce with salt\nand pepper to taste.",
        "• Fluff rice with a fork. Season with salt\nand pepper.\n• Divide rice between shallow bowls. Top with\ncucumber salad and roasted chickpeas in\nseparate sections. Drizzle everything with\nwhite sauce and as much hot sauce as you\nlike. Sprinkle with remaining pistachios\nand serve with remaining lemon wedges\non the side.\nThinly slice chicken or organic chicken\ncrosswise. Serve atop rice in a\nseparate section.\nChicken is fully cooked when internal temperature reaches 165°."
    ],
    "servings": "2",
    "difficulty": "Medium"
}