{
    "id": "b144eca2ba4849628190f40ec9dd74ee",
    "name": "Easiest ever seafood rice",
    "country": "spain",
    "time": "Preparation and cooking time Prep: 5 mins Cook: 25 mins",
    "link": "https://www.bbcgoodfood.com/recipes/easiest-ever-paella",
    "ingredients": [
        "1 tbsp olive oil",
        "1 leek or onion, sliced",
        "110g pack chorizo sausage, chopped",
        "1 tsp turmeric",
        "300g long grain rice",
        "1l hot fish or chicken stock",
        "200g frozen peas",
        "400g frozen seafood mix defrosted"
    ],
    "steps": [
        "step 1 Heat the oil in a deep frying pan , then soften the leek for 5 mins without browning. Add the chorizo and fry until it releases its oils. Stir in the turmeric and rice until coated by the oils, then pour in the stock. Bring to the boil, then simmer for 15 mins, stirring occasionally.",
        "step 2 Tip in the peas and cook for 5 mins, then stir in the seafood to heat through for a final 1-2 mins cooking or until rice is cooked. Check for seasoning and serve immediately with lemon wedges."
    ],
    "servings": "Serves 4",
    "difficulty": "Easy"
}