{
    "id": "b226970ef9b14f51b8f5759481ee9c94",
    "name": "Tarta especial de frutillas",
    "country": "Argentina",
    "time": "Total: 1 h = 30' prep. + 30' coc.",
    "link": "https://www.recetas.com/receta-de-Tarta-especial-de-frutillas-4255.html",
    "ingredients": [
        "4 claras de huevo 12 cdas. de azúcar100 gr. de nueces ralladas 50 gr. de almendras picadas"
    ],
    "steps": [
        "Preparación:",
        "Batir las claras a punto nieve, echar el azúcar de a cucharadas y seguir batiendo. Incorporar las nueces y las almendras mezclando suavemente.Luego, enmantecar y enharinar una tartera y distribuir en ella la preparación dándole forma de tarta. Cocinar en horno suave durante 30'.Dejar enfriar dentro del horno.",
        "Derretir el chocolate y pincelar la tarta con el mismo. Luego de que el chocolate se haya enfriado, colocar sobre éste la crema y las frutillas previamente maceradas en azúcar.",
        ""
    ],
    "servings": "Comen 6",
    "difficulty": "Fácil"
}