{
    "id": "b25a153c846d406eba71834d824bfcaa",
    "name": "Crema de chile",
    "country": "Mexico",
    "time": "Total: 20' = 5' prep. + 15' coc.",
    "link": "https://www.recetas.com/receta-de-Crema-de-chile-5996.html",
    "ingredients": [
        "300 gr. de jalapeños1 diente de ajoSal al gusto100 ml de aceite"
    ],
    "steps": [
        "Retirar el rabo a los chiles y lavarlos. Ponerlos a cocer.",
        "Una vez cocidos, licuarlos con sal ajo y aceite, hasta obtener una consistencia cremosa, agregando más aceite si hiciera falta.",
        "Esta salsa es ideal para acompañar tacos."
    ],
    "servings": "Comen 10",
    "difficulty": "Fácil"
}