{
    "id": "b37e8cd90d2f406aa81a7b711f79076c",
    "name": "Arroz mixto",
    "country": "Colombia",
    "time": "Total: 1 h & 15' = 30' prep. + 45' coc.",
    "link": "https://www.recetas.com/receta-de-Arroz-mixto-7327.html",
    "ingredients": [
        "4 tazas de arroz extra largoCebolla cabezona rojaPimenton rojo y verdeCebolla larga Jamón de cocinarPechuga de polloChorizo colombianoSalchicha de carneAjoCilantroAceiteOlivasSal y pimienta al gustoArvejas y zanahorias congeladas"
    ],
    "steps": [
        "Cocinar las pechugas de pollo en 6 tazas de agua y cuando estén cocidas, cocinar en el mismo agua las 4 tazas de arros, añadiendo un sazonador con culantro y achiote. Cuando el arroz esté casi listo, añadir los vegetales (arvejas y zanahorias); tapar y bajar el fuego a lento.",
        "En una sartén con un poco de aceite, sofreír el ajo rallado o picado, los pimentones picados finamente en cuadros, la cebolla roja 8picada también en cuadros) y la cebolla larga, solo la parte verde. Cuando esté todo bien sofrito, añadirlo al arroz y mezclar.",
        "En otra sartén, sofreír todas las carnes debidamente picadas en cuadros o rodajas y el pollo desmechado, añadir sal y pimienta al gusto y el cilantro finamente picado.",
        "Cuando las carnes esten bien sofritas, añadirlas al arroz mezclando bien para que la preparación quede uniformemente integrada, y dejar cocinar a fuego lento por 20 minutos más para que tome buen sabor."
    ],
    "servings": "Comen 8",
    "difficulty": "Normal"
}