{
    "id": "b4a7f6ce6aa240db8f58200074e5f6f0",
    "name": "Chicken Sausage Rigatoni in Cream Sauce",
    "country": "italy",
    "time": 25,
    "link": "https://www.hellofresh.com/recipes/chicken-sausage-rigatoni-in-cream-sauce-66d8c04377ef716e4078f715",
    "ingredients": [
        "1 unitBell Pepper",
        "2 unitScallions",
        "13.76 ounceCrushed Tomatoes",
        "1 unitLemon",
        "18 ounceItalian Chicken Sausage Mix",
        "1 teaspoonChili Flakes",
        "6 ounceRigatoni Pasta(Contains  Wheat)",
        "2 tablespoonCream Cheese(Contains  Milk)",
        "3 tablespoonSour Cream(Contains  Milk)",
        "3 tablespoonParmesan Cheese(Contains  Milk)",
        "Salt",
        "Pepper",
        "Olive Oil",
        "Butter(Contains  Milk)"
    ],
    "steps": [
        "• Bring a large pot of salted water to a\nboil. Wash and dry produce.\n• Halve, core, and thinly slice bell\npepper into strips. Trim and thinly\nslice scallions, separating whites from\ngreens. Zest and quarter lemon.",
        "• Heat a drizzle of olive oil in a large\npan over medium-high heat. Add bell\npepper and scallion whites; cook,\nstirring, until slightly softened, 3-4\nminutes. Season with salt and pepper.",
        "• Add sausage* to pan; cook, breaking\nup meat into pieces, until browned\nand cooked through, 4-6 minutes.\n• Season with salt and pepper. If you\nlike things spicy, stir in a pinch of\nchili flakes and cook until fragrant,\n15 seconds. TIP: If there’s excess grease\nin your pan, carefully pour it out.",
        "• Once water is boiling, add rigatoni to\npot. Cook, stirring occasionally, until\nal dente, 9-11 minutes.\n• Reserve 1⁄2 cup pasta cooking water,\nthen drain.",
        "• Add half the crushed tomatoes (all for\n4 servings) to pan with sausage mixture\nand cook until softened, 1-2 minutes.\nReduce heat to medium low.\n• Stir in cream cheese, sour cream, half\nthe Parmesan (save the rest for\nserving), 1⁄4 cup reserved pasta\ncooking water, and 1 TBSP butter\nuntil thoroughly combined. (For 4, use\n1/3 cup reserved pasta cooking water\nand 2 TBSP butter.)\n• Season with salt, pepper, and lemon\nzest to taste. Add drained rigatoni and\ntoss to coat. TIP: If needed, stir in more\nreserved pasta cooking water a splash\nat a time until pasta is coated in a\ncreamy sauce.",
        "• Divide pasta between bowls. Sprinkle\nwith scallion greens, remaining\nParmesan, and a pinch of chili flakes\nif desired. Serve with lemon wedges\non the side.\nChicken Sausage is fully cooked when internal temperature reaches 165°."
    ],
    "servings": "2",
    "difficulty": "Medium"
}