{
    "id": "b5c002d2d66e4027a2c6cba94ace2416",
    "name": "Ensalada de palmitos y huevitos de codorniz",
    "country": "Colombia",
    "time": "Total: 15' = 15' prep. + - coc.",
    "link": "https://www.recetas.com/receta-de-Ensalada-de-palmitos-y-huevitos-de-codorniz-2737.html",
    "ingredients": [
        "1 lata de palmitos cortados en rodajas."
    ],
    "steps": [
        "Preparación:",
        "En una ensaladera colocar la lechuga, los huevos de codorniz, las arvejas y los palmitos.Mesa mezclar la mayonesa con la mostaza. Agregarle poco a poco el yogurt, la salsa de tomate y demás ingredientes.Bañar con esta salsa la ensalada.",
        ""
    ],
    "servings": "Comen 6",
    "difficulty": "Fácil"
}