{
    "id": "b6f0eee007d945d1ba295f2f47b7be61",
    "name": "Medallones de atun tropicales",
    "country": "Mexico",
    "time": "Total: 23' = 15' prep. + 8' coc.",
    "link": "https://www.recetas.com/receta-de-Medallones-de-atun-tropicales-1189.html",
    "ingredients": [
        "4 medallones de atún 2 tazas de mango picado en cubos1/2 pimiento morrón rojo picado en cubos1/2 taza de cebolla morada picada2 dientes de ajo picadoHojas de menta  SalPimientaJengibre en polvoEspecias al gustoAceite de oliva"
    ],
    "steps": [
        "Salpimentar los medallones de filete y agregarles tantas especies como se desee. Reservar.",
        "En una sartén, calentar aceite de oliva y sofreír la cebolla y el ajo; cuando estén transparentes, agregar el pimiento morrón y dejar freír unos instantes. Agregar entonces el mango y sazonar con sal, pimienta, jengibre en polvo. Dejar unos instantes al fuego y picar la menta muy fino. Agregarla a la salsa de mango y retirar del fuego.",
        "En una sartén con aceite de oliva, freír los medallones de atún.En un plato, colocar una buena cantidad de salsa de mango, encima colocar el medallón de atún y decorar con hojas de menta."
    ],
    "servings": "Comen 4",
    "difficulty": "Fácil"
}