{
    "id": "b76336c4a2b34d9eb83f9f3894a15fcc",
    "name": "Camarones agua chile",
    "country": "Mexico",
    "time": "Total: 25' = 15' prep. + 10' coc.",
    "link": "https://www.recetas.com/receta-de-Camarones-agua-chile-5803.html",
    "ingredients": [
        "10 camarones medianos crudos7 limones2 chiles serranos o habanerosSal y pimienta"
    ],
    "steps": [
        "Limpiar y desvenar los camarones, lavarlos y mantenerlos en un lugar fresco.",
        "Desvenar y quitar las semillas a los chiles.",
        "En un mortero o molcajete, machacar bien los trozos de chile. Agregar el zumo de los limones a la preparación anterior.",
        "Salpimentar los camarones y marinarlos aproximadamente 10 minutos en el molcajete.",
        "Servir un en tazón con el líquido, o por separado si así lo prefiere."
    ],
    "servings": "Comen 2",
    "difficulty": "Fácil"
}