{
    "id": "b85030f7167c46eea072df7adbbe55c4",
    "name": "Mousse al caramelo",
    "country": "Argentina",
    "time": "Total: 50' = 30' prep. + 20' coc.",
    "link": "https://www.recetas.com/receta-de-Mousse-al-caramelo-4683.html",
    "ingredients": [
        "200 gr. de chocolate en barra20 cc. de crema de leche batida1/4 lt. de leche 1 sobrecito de gelatina sin sabor 6 cdas. de azúcar5 claras5 yemas2 cdas. de azúcar para acaramelar el molde"
    ],
    "steps": [
        "Derrita el chocolate en la leche. Agregue la gelatina y mezcle bien hasta que se disuelvan. Cuele el preparado.",
        "Mezcle las yemas con las 6 cucharadas de azúcar. Vierta de a poco el chocolate caliente, removiendo sin parar. Deje enfriar.",
        "Añada la crema batida, mezcle bien. Incorpore las claras batidas a nieve.",
        "Vierta la mezcla en un molde acaramelado y lleve a la heladera hasta que el postre se endurezca.",
        "Al momento de servir, prepare la salsa. Caliente el azúcar hasta obtener un caramelo claro. Vierta de a poco la crema y cocine mezclando hasta que ligue. Rocíe la salsa sobre las porciones de mousse."
    ],
    "servings": "Comen 8",
    "difficulty": "Normal"
}