{
    "id": "b9d8278a16024a76919275c0b2f9e144",
    "name": "Tortilla con champiñones",
    "country": "Colombia",
    "time": "Total: 10' = 5' prep. + 5' coc.",
    "link": "https://www.recetas.com/receta-de-Tortilla-con-champinones-1607.html",
    "ingredients": [
        "4 huevos200 gr. de champiñones1/2 cebolla1 cda. de mantecaSal y pimienta"
    ],
    "steps": [
        "Pulir los champiñones (sin mojarlos) con un paño limpio. Picarlos.",
        "En una sartén con un poco de manteca, saltear la cebolla picada; cuando esté transparente, agregar los champiñones y cocinar a fuego fuerte hasta que se ablanden un poco.",
        "Incorporar  los huevos batidos con sal y pimienta, mezclar y cocinar hasta que el huevo cuaje. Puede dársela vuelta a mitad de cocción."
    ],
    "servings": "Comen 2",
    "difficulty": "Fácil"
}