{
    "id": "bb66b438da4546268859cc9778b5c40d",
    "name": "Pizza napolitana",
    "country": "Italia",
    "time": "Total: 1 h & 15' = 1 h prep. + 15' coc.",
    "link": "https://www.recetas.com/pizza-napolitana.html",
    "ingredients": [
        "250 gr. de masa de pizza (masa base)4 filetes de anchoa2 dientes de ajo100 gr. de puré de tomatesAceite de oliva virgen extraOréganoMejorana"
    ],
    "steps": [
        "Preparar la masa de pizza de acuerdo con la receta básica.",
        "Después de la fermentación, precalentar el horno al máximo.",
        "Escurrir las anchoas, secarlas con papel de cocina y cortarlas en trozos grandes.",
        "Pelar y cortar los ajos.",
        "Extender la masa con las yemas de los dedos directamente en el molde, dejando el borde un poco más alto. Esta cantidad alcanza para un molde redondo de 28 cm de diámetro.",
        "Cubrir con el tomate, agregar el ajo y las anchoas, un poco de aceite y un puñado de orégano y mejorana.",
        "Hornear durante 15 minutos, cubriendo los primeros 12 minutos con otra bandeja de horno invertida o papel de aluminio."
    ],
    "servings": "Comen 4",
    "difficulty": "Normal"
}