{
    "id": "bbf609d3e1b14bc593079579649613d6",
    "name": "Arrollado de avena y dulce de leche",
    "country": "Argentina",
    "time": "Total: 1 h & 2' = 1 h prep. + 2' coc.",
    "link": "https://www.recetas.com/receta-de-Arrollado-de-avena-y-dulce-de-leche-5083.html",
    "ingredients": [
        "1 arrollado (pinono) 250 gr. de avena arrollada 1/2 kg. de dulce de leche 50 gr. de manteca   200 gr. de crema de leche"
    ],
    "steps": [
        "Derretir la manteca en el microondas y mezclarla con el medio kilo de dulce de leche, 200 gr. de crema de leche y la avena arrollada.",
        "Con esta pasta, rellenar el arrolllado y apartarlo.",
        "Para hacer la crema, mezclar la crema de leche con el dulce de leche hasta lograr una consistencia cremosa.",
        "Cubrir con esto el arrollado rallarle chocolate por encima."
    ],
    "servings": "Comen 8",
    "difficulty": "Fácil"
}