{
    "id": "bc822e1d17d5443884618e5f40e489a4",
    "name": "Trucha en hoja de plátano",
    "country": "Colombia",
    "time": "Total: 50' = 30' prep. + 20' coc.",
    "link": "https://www.recetas.com/receta-de-Trucha-en-hoja-de-platano-2477.html",
    "ingredients": [
        "2 truchas deshuesadas100 gr. de tocineta o panceta100 gr. de queso mozarella250 gr. de champiñones2 cebollas cabezonas rojas1 pimentón amarilloSal y pimienta a gusto2 hojas de plátano o viao1 pocillo de aceitePasta de ajo"
    ],
    "steps": [
        "Impregnar el pescado con la pasta de ajo y sal por dentro y por fuera. Dejar conservar un rato.",
        "Aparte, picar el pimentón, la tocineta y los champiñones.En un sartén, colocar aceite y mantequilla y sofreír la tocineta, luego el pimentón, y por último los champiñones. Dejar conservar y salpimentar un poco.",
        "Lubricar el pescado por dentro con un poco de aceite y rellenar con la mezcla anterior, colocar queso encima del relleno, luego cerrar el pescado y envolverlo en la hoja de plátano (que debe estar previamente engrasada con aceite), sellar con un palillo en la mitad.",
        "Colocar en una fuente refractaria al horno por 20 minutos a una temperatura de 350ºF."
    ],
    "servings": "Comen 2",
    "difficulty": "Fácil"
}