{
    "id": "bce110b14f8c4c19802f866e81969525",
    "name": "Ceviche de Pollo",
    "country": "Peru",
    "time": "Total: 40' = 10' prep. + 30' coc.",
    "link": "https://www.recetas.com/receta-de-Ceviche-de-Pollo-2742.html",
    "ingredients": [
        "3/4 kg pollo trozado100 gr. Ají amarillo molido3/4kg Papa sancochada1/2kg Cebolla china1/2kg Arroz1/2 kg limón Sal Pimienta"
    ],
    "steps": [
        "En una olla, dorar un aji amarillo y esperar que se caliente, y luego hechar el pollo en trozos. Condimientar con sal y pimienta al gusto. Dejar que se cocine.",
        "Por otro lado, picar la cebolla china en pedazos no muy cortos, y hechar a la preparacion anterior. Agregar el jugo del limón, y sancochar aparte la papa.",
        ""
    ],
    "servings": "Comen 4",
    "difficulty": "Fácil"
}