{
    "id": "bda7789e0d05402ea43fcc522cd90071",
    "name": "Besugo a la donostiarra",
    "country": "España",
    "time": "Total: 35' = 5' prep. + 30' coc.",
    "link": "https://www.recetas.com/besugo-a-la-donostiarra.html",
    "ingredients": [
        "1 besugo 1 kg a 1 y 1/2 kg.AceiteAjosLimón"
    ],
    "steps": [
        "Limpie el pescado y lávelo rápidamente; sálelo y déjelo un rato al frío así salado.",
        "Con un pincel o una pluma unte el pescado con aceite y póngalo en la parrilla, sobre calor no demasiado vivo; durante la cocción úntelo repetidas veces con aceite, dándolo vuelta cada vez, hasta que la piel esté tostada.",
        "Mientras tanto en una cazuelita o fuentecita ponga media taza de aceite con unos dientes de ajos pelados y aplastados una hoja de laurel.",
        "Caliéntelo en un rincón de la parrilla hasta que los ajos se doren; en el momento de servir abra el pescado, eche un hilo de limón en el aceite aromado y bañe con esto el pescado."
    ],
    "servings": "Comen 6",
    "difficulty": "Normal"
}