{
    "id": "bde87d2edf8e4e759b3384aa0f4a3e3e",
    "name": "Chicken, Zucchini & Tomato Couscous",
    "country": "italy",
    "time": 25,
    "link": "https://www.hellofresh.com/recipes/chicken-zucchini-and-tomato-couscous-66e2056d006f668272d6ce1a",
    "ingredients": [
        "2 cloveGarlic",
        "1 unitZucchini",
        "4 ounceGrape Tomatoes",
        "1 unitLemon",
        "¼ ounceParsley",
        "4 ounceFresh Mozzarella(Contains  Milk)",
        "2.5 ounceIsraeli Couscous(Contains  Wheat)",
        "1 unitVeggie Stock Concentrate",
        "1 tablespoonItalian Seasoning",
        "½ ounceSliced Almonds(Contains  Tree Nuts)",
        "1 teaspoonChili Flakes",
        "10 ounceChicken Cutlets",
        "1 unitOnion",
        "Salt",
        "Pepper",
        "Olive Oil",
        "Cooking Oil"
    ],
    "steps": [
        "• Wash and dry produce.\n• Peel and mince or grate garlic. Trim and quarter zucchini\nlengthwise; slice crosswise into 1⁄2-inch-thick quarter-moons.\nHalve, peel, and dice onion into 1⁄2-inch pieces. Halve tomatoes.\nQuarter lemon. Roughly chop parsley. Dice mozzarella into\n1⁄2-inch pieces.",
        "• Heat a drizzle of oil in a small pot over medium-high heat. Add\nhalf the garlic and a big pinch of salt; cook, stirring, until\nfragrant, 30 seconds.\n• Add couscous, stock concentrate, and 3⁄4 cup water (11⁄2 cups for\n4 servings). Bring to a boil, then reduce to a low simmer and\ncover. Cook until couscous is tender, 6-8 minutes.\n• Keep covered off heat until ready to serve.\nPat chicken* dry with paper towels and season all over with\nsalt and pepper. Heat a drizzle of oil in a large pan over\nmedium-high heat. Add chicken; cook until browned and\ncooked through, 3-5 minutes per side. Turn off heat; transfer to\na cutting board. Wipe out pan.",
        "• While couscous cooks, heat a drizzle of oil in a large pan over\nmedium-high heat. Add zucchini, onion, and half the Italian\nSeasoning (all for 4 servings); cook, stirring occasionally, until\nbrowned and softened, 4-6 minutes.\n• Add tomatoes and remaining garlic; cook, stirring, until\ntomatoes are softened and garlic is fragrant, 1-2 minutes.\n• Remove from heat and season with salt and pepper.\nUse pan used for chicken here.",
        "• Fluff couscous with a fork; stir in a squeeze of lemon juice and\nseason with salt and pepper if needed. (TIP: Stir in 1 TBSP butter\nfor a richer flavor!) Stir in half the veggies and half the parsley.\n• Divide couscous between bowls. Top with remaining veggies,\nthen top with mozzarella. Sprinkle with almonds, remaining\nparsley, and as many chili flakes as you like. Drizzle each bowl\nwith 1⁄2 tsp olive oil and serve with remaining lemon wedges\non the side.\nSlice chicken crosswise; top bowls with chicken along with\nremaining veggies.\nChicken is fully cooked when internal temperature reaches 165°."
    ],
    "servings": "2",
    "difficulty": "Medium"
}