{
    "id": "be26f325d34942f4a923c6735ff411f4",
    "name": "Mexican chicken tortilla soup",
    "country": "mexico",
    "time": "Preparation and cooking time Prep: 40 mins Cook: 1 hr and 20 mins plus cooling",
    "link": "https://www.bbcgoodfood.com/recipes/mexican-chicken-tortilla-soup",
    "ingredients": [
        "1.2kg whole chicken",
        "5 fat red chillies 4 left whole but pierced a few times with a sharp knife, 1 sliced, to serve",
        "2 dried ancho chillies",
        "1 garlic bulb cut in half through the centre horizontally",
        "bunch coriander stalks and leaves separated",
        "1 cinnamon stick",
        "3 tbsp vegetable oil",
        "2 large onions chopped",
        "1 tbsp ground cumin",
        "1 tbsp ground coriander",
        "1 tbsp smoked paprika",
        "2 x 400g cans tomatoes",
        "1 tsp sugar",
        "320g can sweetcorn drained",
        "400g can black beans drained",
        "zest and juice 2 limes",
        "4 corn tortilla quartered and cut into strips",
        "2 avocados",
        "200g feta or queso fresco, crumbled, to serve"
    ],
    "steps": [
        "step 1 Put the chicken in a large pan with the whole and dried chillies, garlic, coriander stalks and cinnamon, cover with cold water, then set over a medium heat. When the liquid comes to the boil, reduce to a gentle simmer and cover with a lid. Cook for 30 mins, then turn off the heat and leave the chicken in the stock to cool for 20 mins.",
        "step 2 Remove the chicken, strain the liquid into a large jug (you should have about 800ml) and discard the aromatics. Return the liquid to the pan and simmer until it has reduced to about 600ml, then pour back into the jug.",
        "step 3 Heat 1 tbsp oil in the pan, add the onion and cook for 8-10 mins until soft and translucent, then stir in the spices, tomatoes and sugar. Add the chicken stock to the pan, season well and simmer with the lid ajar for 30 mins.",
        "step 4 While the soup cooks, remove the skin from the chicken and finely shred the meat. Add to the soup along with the sweetcorn, beans, lime zest and juice to taste (save a little to toss through the avocado), and cook for 5 mins more.",
        "step 5 Heat the remaining oil in a frying pan and add the tortilla pieces. Fry until golden and crispy, then drain on kitchen paper. Halve and peel the avocado, cut into small chunks and toss through the remaining lime juice. Serve the soup in bowls topped with the crispy tortillas, coriander leaves, sliced chilli, avocado and feta."
    ],
    "servings": "Serves 8",
    "difficulty": "More effort"
}