{
    "id": "bf69eecc03f2498c9718c0eb23d44832",
    "name": "Alcauciles rellenos (fríos)",
    "country": "Italia",
    "time": "Total: 1 h & 10' = 30' prep. + 40' coc.",
    "link": "https://www.recetas.com/receta-de-Alcauciles-rellenos-(frios)-3910.html",
    "ingredients": [
        "4 alcauciles grandes2 litros de agua1 taza de vinagre"
    ],
    "steps": [
        "Cortar los tallos de los alcauciles, lavarlos y hervirlos en agua con sal y vinagre, durante treinta a cuarenta minutos.",
        "Mientras tanto hacer hervir el agua con el vinagre, sal, azúcar, especias y la cebolla en aros.Agregar la pechuga de pollo y cocinarla durante unos doce minutos. Incorporar el ají cortado en dos y cocinar ocho minutos más. Retirar el pollo y el ají y cortarlos en dados.",
        "Pelar la manzana y cortarla en dados también. Mezclar los ingredientes de la marinada, con la cebolla picada y las hierbas.Poner a marinar en ella el pollo, el ají y la manzana durante una hora.",
        "Quitar las hojas interiores de los alcauciles escurridos y fríos; con una cucharita limpiar los fondos. Rellenar los alcauciles con el pollo, ají y manzana marinados y escurridos."
    ],
    "servings": "Comen 4",
    "difficulty": "Normal"
}