{
    "id": "bfe49229f2264aefa25d4997cda4b890",
    "name": "Carré de cerdo a las brasas",
    "country": "Argentina",
    "time": "Total: 3 h & 7' = 2 h & 7' prep. + 1 h coc.",
    "link": "https://www.recetas.com/receta-de-Carre-de-cerdo-a-las-brasas-4247.html",
    "ingredients": [
        "1 costillar de cerdo, con el hueso"
    ],
    "steps": [
        "Mezcle en una fuente la cerveza con las bayas, la mejorana, el clavo, el azúcar negra, sal y pimienta.",
        "Ponga el cerdo en la fuente y deje marinar durante 3 horas.",
        "Ase sobre la parrilla, primero del lado del hueso y luego délo vuelta.",
        "La cocción total es de aproximadamente una hora."
    ],
    "servings": "Comen 6",
    "difficulty": "Fácil"
}