{
    "id": "c097ac5cd4a54e26ab3661c4818ef251",
    "name": "Salmon, dill & potato tart",
    "country": "sweden",
    "time": "Preparation and cooking time Prep: 25 mins Cook: 40 mins",
    "link": "https://www.bbcgoodfood.com/recipes/salmon-dill-potato-tart",
    "ingredients": [
        "300g ready-made shortcrust pastry",
        "350g new potato sliced",
        "284ml pot single cream",
        "2 eggs",
        "3 tbsp chopped dill extra for sprinkling",
        "zest 1 lime",
        "200g pack smoked salmon torn into strips"
    ],
    "steps": [
        "step 1 Heat oven to 190C/fan 170C/gas 5. Roll out the pastry and line a shallow 28cm flan tin. Trim off the edges, then line with baking paper and beans. Put on a baking sheet, bake for 10 mins. Remove the paper and beans, then bake for 5 mins more.",
        "step 2 Cook the potatoes in boiling salted water for 6-8 mins until tender, then drain. Beat together the cream, eggs, dill, lime zest, salt and pepper. Scatter half the potatoes over the bottom of the pastry case, then put half the salmon strips in the gaps. Pour over half the egg mix, then arrange the remaining potatoes over the salmon pieces and put the remaining salmon in the gaps between. Pour over the rest of the egg mix.",
        "step 3 Bake for 25 mins until the top is lightly coloured and firm to the touch. Cool for 10 mins before removing from the tin, then serve warm or at room temperature sprinkled with extra dill."
    ],
    "servings": "Serves 8",
    "difficulty": "More effort"
}