{
    "id": "c1cac5a4ec414440b96074596a8d8c3e",
    "name": "Postre de manzana al microoondas con pasas",
    "country": "Argentina",
    "time": "Total: 9' = 5' prep. + 4' coc.",
    "link": "https://www.recetas.com/receta-de-Postre-de-manzana-al-microoondas-con-pasas-3685.html",
    "ingredients": [
        "1 Manzana roja"
    ],
    "steps": [
        "Preparación:",
        "Pelar la manzana y cortarla en trozitos. Ponerla en un bol y agregar algunas pasas de uva y canela.",
        "Cocinarla en el microoondas durante 3 minutos al máximo y verificar. En caso de no estar del todo cocida colocar 1 minuto más.",
        "Agregar la escencia de vainilla, mezclar todo bien y listo. Servir en compoteras.Se puede terminar espolvoreando un poco de azúcar impalpable para servir."
    ],
    "servings": "Comen 2",
    "difficulty": "Fácil"
}