{
    "id": "c551ff9127cd449cb3705b328866ae11",
    "name": "Huevos empatatados",
    "country": "España",
    "time": "Total: 7' = 5' prep. + 2' coc.",
    "link": "https://www.recetas.com/receta-de-Huevos-empatatados-6299.html",
    "ingredients": [
        "4 huevos5 tiras de bacon2 patatasAceite de oliva"
    ],
    "steps": [
        "Colocar aceite en una cazuela. Acomodar una capa de patatas cortadas en forma de círculos bien finos en la base de la cazuela.Después colocar las 5 tiras de bacon sobre las patatas.",
        "Colocar otra capa de patatas encima de el bacon. Abrir espacio entre las patatas y colocar los huevos.",
        "Llevar la cazuela a fuego medio, hasta que las patatas y los huevos estén cocidos."
    ],
    "servings": "Comen 10",
    "difficulty": "Fácil"
}