{
    "id": "c55a8ea04633400d9c1eb78955dcced7",
    "name": "Ensalada de champiñones y tomate",
    "country": "España",
    "time": "Total: 25' = 20' prep. + 5' coc.",
    "link": "https://www.recetas.com/ensalada-de-champinones-y-tomate.html",
    "ingredients": [
        "-100 gramos de lechuga variada.-2 tomates medianos muy maduros.-sal.-aceite de oliva.-zumo de llimón.-25 gramos de corazones de alcachofas pequeños.-25 gramos de uvas pasas.-25 gramos de almendras crudas ralladas.-1 rama de apio crudo."
    ],
    "steps": [],
    "servings": "Comen 1",
    "difficulty": "Normal"
}