{
    "id": "c6cdaa446146441380afea75dc0a0e7b",
    "name": "Ponche de Vino Dulce",
    "country": "Peru",
    "time": "Total: 15' = 15' prep. + - coc.",
    "link": "https://www.recetas.com/receta-de-Ponche-de-Vino-Dulce-1542.html",
    "ingredients": [
        "1 lata de leche evaporada1 y 1/2 tazas de vino dulce1 huevoAzúcar a gusto"
    ],
    "steps": [
        "Licuar el huevo y añadir, sin dejar de batir, la leche evaporada y el vino dulce. En caso de que el vino no resultara ser lo suficientemente dulce como para azucarar el ponche, añadir más azúcar a gusto. Licuar bien y servir."
    ],
    "servings": "Comen 2",
    "difficulty": "Fácil"
}