{
    "id": "c6dcab62aec24750b0bedb6bbb14a67d",
    "name": "Very Teriyaki Pork Tenderloin",
    "country": "japan",
    "time": 30,
    "link": "https://www.hellofresh.com/recipes/very-teriyaki-pork-tenderloin-58d3c72f2310a86c324929c3",
    "ingredients": [
        "1.5 cupBasmati Rice",
        "12 ounceAsparagus",
        "4 unitScallions",
        "1 thumbGinger",
        "24 ouncePork Tenderloin",
        "2 tablespoonCornstarch",
        "4 tablespoonSoy Sauce(Contains  Soy, Wheat)",
        "4 teaspoonHoney",
        "4 cloveGarlic",
        "2 tablespoonHoisin Sauce Jar(Contains  Soy)",
        "1 tablespoonVegetable Oil",
        "unitSalt",
        "unitPepper"
    ],
    "steps": [
        "Wash and dry all produce. Fill 2 medium pots with 2½ cups water and a pinch of salt each and bring to a boil. Mince or grate garlic. Peel and mince ginger. Trim and discard bottom inch from asparagus, then cut into 2-inch pieces. Trim, then thinly slice scallions, keeping greens and whites separate. Fill a large bowl with ice water.",
        "Once water is boiling, add rice to one of the pots. Cover, lower heat, and reduce to a simmer. Cook until tender, 15-20 minutes. Remove from heat and keep covered until meal is ready.",
        "Add asparagus to other pot of water and boil until just tender, 2-3 minutes. Meanwhile, whisk together soy sauce, hoisin, and honey in a small bowl. When asparagus is done, drain and immediately place in ice water.",
        "Heat a large drizzle of oil in a large pan over medium-high heat. Halve pork lengthwise, then cut into strips. Season with salt and pepper. Put cornstarch in medium bowl, then add pork and toss to coat. Discard any excess cornstarch. Add pork to pan in a single layer and cook until browned, 1-2 minutes per side. TIP: Cook pork in batches to avoid overcrowding.",
        "Remove pork from pan and set aside. Heat a drizzle of oil in same pan over medium heat. Add ginger, scallion whites, and garlic and toss until fragrant, about 30 seconds. Add sauce, asparagus, and pork and toss until cooked through, 2-3 minutes. Season with salt and pepper.",
        "Fluff rice with a fork. Divide between plates and top with stir-fry. Sprinkle with scallion greens and serve."
    ],
    "servings": "Porciones no disponibles",
    "difficulty": "Easy"
}