{
    "id": "c6ea1dcf0c8e4c5980f47099639ec6ae",
    "name": "Roasted Pepper & Mozz Cavatappi Bake",
    "country": "italy",
    "time": 35,
    "link": "https://www.hellofresh.com/recipes/roasted-pepper-and-mozz-cavatappi-bake-66c39f305cb721784e636ac8",
    "ingredients": [
        "1 unitBell Pepper",
        "4 ounceFresh Mozzarella(Contains  Milk)",
        "1 unitMarinara Sauce",
        "1 teaspoonChili Flakes",
        "¼ cupPanko Breadcrumbs(Contains  Wheat)",
        "6 ounceCavatappi Pasta(Contains  Wheat)",
        "2 tablespoonCream Cheese(Contains  Milk)",
        "¼ ounceChives",
        "Olive Oil",
        "Butter(Contains  Milk)",
        "Salt",
        "Pepper"
    ],
    "steps": [
        "• Adjust rack to top position and preheat\noven to 400 degrees. Bring a medium\npot of salted water to a boil. Wash and\ndry produce.\n• Halve bell pepper lengthwise; remove stem\nand seeds. Thinly slice chives. Tear\nmozzarella into bite-size pieces.",
        "• Rub each bell pepper half with a drizzle of\nolive oil; season with salt and pepper.\nPlace on a baking sheet, cut sides down.\n• Roast on top rack until softened and lightly\ncharred, 20-25 minutes.",
        "• Meanwhile, place 1 TBSP butter (2 TBSP for\n4 servings) in a small microwave-safe bowl;\nmicrowave until just melted, 30 seconds.\nStir in panko and season with salt.",
        "• Once water is boiling, add cavatappi to pot.\nCook, stirring occasionally, until al dente,\n9-11 minutes.\n• Drain and set aside.",
        "• While pasta cooks, heat a large, preferably\novenproof, pan over medium-high heat.\nAdd marinara, 1⁄2 cup water (3⁄4 cup for\n4 servings), half the chives, a pinch of\nchili flakes, and a big pinch of salt; stir to\ncombine. Bring to a boil, then reduce heat\nto medium. Simmer until slightly thickened,\n3-5 minutes.\n• Turn off heat; stir in cream cheese until\nmelted and combined. Season with salt\nand pepper.",
        "• Once bell pepper is done roasting, remove\nfrom oven and let cool slightly. Transfer bell\npepper to a cutting board, then thinly slice.\n• Heat broiler to high. Stir sliced bell pepper\nand drained cavatappi into pan with sauce.\nIf sauce seems too thick, add a splash of\nwater. Season with salt and pepper. TIP: If\nyour pan isn’t ovenproof, transfer mixture\nnow to a baking dish.\n• Sprinkle pasta mixture with mozzarella\nand panko. Broil until cheese melts and\npanko is golden brown, 2-4 minutes. (Watch\ncarefully to avoid burning!)",
        "• Sprinkle pasta bake with remaining chives\nand as much remaining chili flakes\nas you like. Serve family style or divide\nbetween plates."
    ],
    "servings": "2",
    "difficulty": "Easy"
}