{
    "id": "c783daa6f4ac429f949079a29e70bf75",
    "name": "Simple heart of palm & tomato salad",
    "country": "brazil",
    "time": "Preparation and cooking time Prep: 10 mins",
    "link": "https://www.bbcgoodfood.com/recipes/simple-heart-palm-tomato-salad",
    "ingredients": [
        "400g can  palm hearts drained and sliced into rounds",
        "250g pack cherry  tomato halved",
        "2 spring onions sliced",
        "1 tbsp sherry vinegar",
        "3 tbsp  olive oil",
        "large handful flat-leaf parsley chopped"
    ],
    "steps": [
        "step 1 Mix together the hearts of palm, tomatoes and spring onions. Whisk together the sherry vinegar and olive oil. Drizzle over the salad. Sprinkle with the parsley, toss everything together and serve."
    ],
    "servings": "Serves 6",
    "difficulty": "Easy"
}