{
    "id": "cb4f8a649a3d44e4b675f607ff9650b0",
    "name": "Winter vegetable caponata",
    "country": "italy",
    "time": "Preparation and cooking time Prep: 15 mins Cook: 45 mins",
    "link": "https://www.bbcgoodfood.com/recipes/winter-vegetable-caponata",
    "ingredients": [
        "200g squash peeled and cubed",
        "250g turnips peeled and cubed",
        "1 ½tbsp olive oil",
        "2 leeks finely sliced",
        "2 garlic cloves crushed",
        "2tbsp balsamic vinegar",
        "1tbsp capers rinsed",
        "2tbsp black olives chopped",
        "2tsp raisins",
        "½ x 400g can plum tomatoes",
        "small handful of basil leaves",
        "crusty bread to serve"
    ],
    "steps": [
        "step 1 Heat the oven to 200C/180C fan/ gas 6. Toss the squash and turnips in a roasting tin with half the oil and seasoning. Roast for 20-25 mins, until soft and charred at the edges.",
        "step 2 Heat the remaining oil in a large pan over a medium heat. Season and fry the leeks for a few minutes, until softened slightly. Add the squash, turnips, garlic and vinegar, and cook for about 2 mins until sticky. Stir in the capers, olives, raisins and tomatoes, fill the can with water, swill it around and add that, too. Reduce for 15-20 mins, partially covered with the lid, until the veg is tender. Stir in most of the basil and season. Scatter over the rest of the basil and serve with crusty bread."
    ],
    "servings": "Serves 2",
    "difficulty": "Easy"
}