{
    "id": "cc9d416c380647b0ae285466f43ba2c8",
    "name": "Ensalada italiana de col",
    "country": "Italia",
    "time": "Total: 14' = 10' prep. + 4' coc.",
    "link": "https://www.recetas.com/ensalada-italiana-de-col.html",
    "ingredients": [
        "1 col blanca o roja250 gr. de queso parmesano o reggianito rallado3 cdas. de aceite de oliva8 mini tostadasSalPimienta de molinillo"
    ],
    "steps": [
        "Limpiar el repollo y cortarlo en juliana. Colocarlo en un bol, agregándole el aceite de oliva. Sazonar con sal y pimienta de molinillo, a gusto.",
        "Espolvorear con el queso rallado.",
        "Colocar pequeñas rebanadas de pan en una fuente en el horno, con unas gotas de aceite de oliva, cocinar durante 4 minutos, hasta que se doren.",
        "Acompañar la ensalada con las tostadas enteras o también pueden desmenuzarse y mezclarlas con la ensalada."
    ],
    "servings": "Comen 4",
    "difficulty": "Normal"
}