{
    "id": "cd3566a3f0004175a45799303a24334e",
    "name": "Trufas de chocolate",
    "country": "Argentina",
    "time": "Total: 20' = 10' prep. + 10' coc.",
    "link": "https://www.recetas.com/receta-de-Trufas-de-chocolate-6943.html",
    "ingredients": [
        "1 pastilla de chocolate (si el chocolate gusta amargo, mejor usar el puro)125 gr. de mantequilla1 huevo1 cda. sopera de coñac"
    ],
    "steps": [
        "Llevar a baño Maria la mantequilla con las tabletas de chocolate reservando una para rallar y rebozar las trufas. Cuando se haya fundido, añadir el coñac y enfriar.",
        "Añadir con sumo cuidado la yema del huevo y la clara batida a punto de nieve. Dejar reposar en frigorífico hasta que la masa endurezca.",
        "Formar las bolitas, bien con dos cucharas o con las manos mojadas. Luego rebozarlas con el chocolate rallado o con fideitos de chocolate (granas) que hay en el mercado. Servir en moldecitos de papel."
    ],
    "servings": "Comen 14",
    "difficulty": "Fácil"
}