{
    "id": "ce3e793d45f14d04869dcd3171e73237",
    "name": "Pie de manzana",
    "country": "Peru",
    "time": "Total: 55' = 20' prep. + 35' coc.",
    "link": "https://www.recetas.com/receta-de-Pie-de-manzana-8296.html",
    "ingredients": [
        "2 y 3/4 de taza de harina preparada130 gr. de mantequilla1/2 taza de azucar1 huevo1 yema"
    ],
    "steps": [
        "Unir la mantequilla con el azúcar, agregar el huevo e incorporarle la harina cernida, uniendo hasta formar una masa. Se peude agregar un poquito leche si la masa está muy seca. Dejar reposar en el refrigerador.",
        "Mientras, pelar y cortar las manzanas retirando las semillas, poner a cocer en el vermouth junto con el azúcar, y agregarle el almidón de maíz, disuelto en un poquito de agua, para espesar.",
        "Tomar parte de la masa, reservando una parte para decorar. Estirar sobre el molde elegido, formando una base, volcar  las manzanas alternando con pasas y nueces, espolvoreando con canela molida.",
        "Tomar la otra parte de la masa, realizar tiras y cubrir la tarta formando u enrejado. Barnizar con la  yema de huevo y llevar al horno por 30  a 35 minutos."
    ],
    "servings": "Comen 8",
    "difficulty": "Fácil"
}