{
    "id": "d194253e1cad419696ebca11ea5356a5",
    "name": "Huevos Rebozados",
    "country": "Peru",
    "time": "Total: 14' = 3' prep. + 11' coc.",
    "link": "https://www.recetas.com/receta-de-Huevos-Rebozados-2444.html",
    "ingredients": [
        "4 huevos1 cebolla roja2 tomates pelados1 diente de ajoSal y pimienta 50 gr. queso edan en cuadraditos"
    ],
    "steps": [
        "Freír la cebolla cortada en cuadraditos con el ajo y la pimienta.",
        "Una vez blanqueada y dorada la cebolla, echar los tomates picados en cuadraditos, la sal, y el queso.",
        "Incorporarr los huevos en la misma sartén y dejar cocinar unos segundos hasta alcanzar el punto deseado."
    ],
    "servings": "Comen 4",
    "difficulty": "Fácil"
}