{
    "id": "d22e1cbb69c24872bffcb1a175501ab7",
    "name": "Maccheroni en aromas",
    "country": "Italia",
    "time": "Total: 35' = 10' prep. + 25' coc.",
    "link": "https://www.recetas.com/maccheroni-en-aromas.html",
    "ingredients": [
        "400 gr. de maccheroni chicos100 gr. de queso rallado500 gr. de tomates al natural50 gr. de mantequilla2 dientes de ajo2 cdas. de aceiteSalPimientaPerejilAlbahaca"
    ],
    "steps": [
        "Pique unas ramitas de albahaca y de perejil, como para que resulte una cda. abundante de cada uno.",
        "Saltéelas con una nuez de mantequilla y dos cdas. de aceite, añada los tomates escurridos y picados, sal y pimienta; cueza durante 15 minutos.",
        "Mientras tanto hierva los fideos en agua salada hirviendo; retírelos ligeramente al diente, aderécelos con la mantequilla y algo de queso rallado y cúbralos con la salsa de aromas.",
        "Mezcle los fideos con dos tenedores para no romperlos y sírvalos, con más queso aparte."
    ],
    "servings": "Comen 4",
    "difficulty": "Normal"
}