{
    "id": "d234efdbeca34470ad1735538d15d8b5",
    "name": "Mini Swedish meatballs with cranberry sauce",
    "country": "sweden",
    "time": "Preparation and cooking time Prep: 15 mins Cook: 15 mins",
    "link": "https://www.bbcgoodfood.com/recipes/mini-swedish-meatballs-cranberry-sauce",
    "ingredients": [
        "300g pork mince",
        "50g fresh white breadcrumb",
        "1 egg yolk",
        "2 tbsp finely chopped or grated onion",
        "½ tsp ground allspice",
        "1 tbsp olive oil",
        "cranberry sauce or jelly, to serve"
    ],
    "steps": [
        "step 1 In a bowl, put the meat, breadcrumbs, egg, onion and allspice with some seasoning. Mix well and form into about 20 small meatballs. Heat the oil in a frying pan, then brown and cook the meatballs in two batches. Serve with a bowl of cranberry sauce to dip in.",
        "step 2 Serve alongside a combination of smoked and cured fish like salmon, pickled herring, trout or mackerel. Add bowls of crème fraîche or soft cheese, capers, grainy mustard, diced red onion or chopped boiled eggs to accompany, as well as the dishes below."
    ],
    "servings": "Serves 6",
    "difficulty": "Easy"
}