{
    "id": "d29fd1c7bbab480c87b6666ea91a5930",
    "name": "Crema de calabaza y choclo",
    "country": "Argentina",
    "time": "Total: 1 h = 20' prep. + 40' coc.",
    "link": "https://www.recetas.com/receta-de-Crema-de-calabaza-y-choclo-1549.html",
    "ingredients": [
        "1 kg. de calabaza2 choclos2 zanahorias1/2 taza de crema de lecheSalPimientaPan FritoQueso parmesano"
    ],
    "steps": [
        "Hervir en una olla el zapallo junto a la zanahoria y el choclo hasta que esté todo bien cocido. Escurrir.Desgranar el choclo y trocear la zanahoria y el zapallo.Colocar todas las verduras en la procesadora y agregar sal, pimienta, la crema de leche y 4 cucharadas de queso parmesano. Procesar todo hasta que quede una crema homogénea.Volver a la olla y calentar removiendo suavemente."
    ],
    "servings": "Comen 4",
    "difficulty": "Fácil"
}