{
    "id": "d2c1e30a7ddb4302b6c5fc2f8bfbbbd5",
    "name": "Guiso de espárragos, arvejas y lentejas",
    "country": "España",
    "time": "Total: 55' = 25' prep. + 30' coc.",
    "link": "https://www.recetas.com/receta-de-Guiso-de-esparragos,-arvejas-y-lentejas-2804.html",
    "ingredients": [
        "6 esparragos1/2 kg arvejas1 tacita de arvejas1 cebolla1 ajoPerejil picadoBrocoliPan integral tostadoAceite de oliva"
    ],
    "steps": [],
    "servings": "Comen 6",
    "difficulty": "Fácil"
}