{
    "id": "d2cabb5117354c9986e49ce1f04ffa68",
    "name": "Empanadas de pescado o mejillones",
    "country": "España",
    "time": "Total: 40' = 20' prep. + 20' coc.",
    "link": "https://www.recetas.com/receta-de-Empanadas-de-pescado-o-mejillones-5936.html",
    "ingredients": [
        "4 filetes de pescado hervido o 1 Kg. de mejillones limpios sin las valvas 1 cebolla grande 1 lata de tomate cubeteado 1 ají verde grande cortado en juliana Aceite Sal12 tapas para empanadas"
    ],
    "steps": [
        "Desmenuzar el pescado. Si se utilizan mejillones, dejarlos enteros.",
        "Cortar la cebolla en juliana, rehogarla en una sartén con aceite sin que tome color, agregar el tomate y el ají.      Llevar a fuego lento y remover, de tanto en tanto, con cuchara de madera hasta que la salsa esté cocida y espesa. Sazonar, dejar entibiar y agregar el pescado o los mejillones.",
        "Rellenar las empanadas, pintar con huevo batido, distribuir en una placa y llevar al horno hasta dorar."
    ],
    "servings": "Comen 4",
    "difficulty": "Fácil"
}