{
    "id": "d2dd0fc5f26b400dbc4b0d973e4079aa",
    "name": "Tomato passata",
    "country": "italy",
    "time": "Preparation and cooking time Prep: 15 mins Cook: 15 mins",
    "link": "https://www.bbcgoodfood.com/recipes/tomato-passata",
    "ingredients": [
        "1kg tomato halved or quartered",
        "6 garlic cloves halved",
        "1 tbsp olive oil",
        "1 tsp caster sugar"
    ],
    "steps": [
        "step 1 Put the tomatoes, garlic and olive oil in a saucepan over a medium heat. Cover and cook for 10 mins, shaking occasionally, until the tomatoes have collapsed completely.",
        "step 2 Season generously and add the sugar. Remove the lid and boil for 5 mins until the garlic is soft. Allow to cool, then sieve the pulp. You can now pour into freezer-proof containers and freeze for up to 3 months, or pour into jars and keep in the fridge for up to 1 week. Or use straight away in sauces, soups and stews."
    ],
    "servings": "Makes 800ml",
    "difficulty": "Easy"
}