{
    "id": "d2f6b68a2212461fa6fc4479514575e3",
    "name": "Pollo en salsa de verduras.",
    "country": "Colombia",
    "time": "Total: 35' = 15' prep. + 20' coc.",
    "link": "https://www.recetas.com/receta-de-Pollo-en-salsa-de-verduras.-2954.html",
    "ingredients": [
        "2 libras de pechuga de pollo cortada en trozos."
    ],
    "steps": [
        "Calentar el aceite, sofreír la cebolla, el ajo, el tomate, el pimentón, la albahaca y la zanahoria.",
        "Agregar el agua, los cubos de caldo de gallina y el pollo.",
        "Dejar cocinar a fuego lento durante 15 minutos. Incorporar los champiñones y la harina. Continuar la cocción hasta que la salsa espese un poco.",
        "Finalmente adicionar la crema de leche mezclando bien.",
        "Retirar del fuego y servir enseguida.",
        "Buen provecho."
    ],
    "servings": "Comen 8",
    "difficulty": "Fácil"
}