{
    "id": "d32a5f35f01b4758a243b29bb952fd96",
    "name": "Brócoli con patatas",
    "country": "Italia",
    "time": "Total: 1 h & 20' = 20' prep. + 1 h coc.",
    "link": "https://www.recetas.com/brocoli-con-patatas.html",
    "ingredients": [
        "1 y 1/2 kg. de brócoli tiernos600 gr. de patatas1 cebolla grandeAceiteSalPimienta1 lata de tomates"
    ],
    "steps": [
        "Quite las partes duras de los brócoli, sepárelos en ramitos; pele las patatas y córtelas en rodajas, asir como la cebolla.",
        "Ponga 2 cdas. de aceite, preferentemente de oliva, en una cacerola; haga capas de patatas, cebolla, brócoli y tomates picados, salpimentando; termine con tomates, aceite, sal y pimienta.",
        "Agregue un vaso de agua y el jugo de los tomates; tape la cacerola y lleve a fuego moderado durante una hora más o menos, o hasta que las verduras estén tiernas. Sirva bien caliente."
    ],
    "servings": "Comen 4",
    "difficulty": "Normal"
}