{
    "id": "d5278d3e862b4b20810ab5586f0ded43",
    "name": "Tarta de frutas",
    "country": "Chile",
    "time": "Total: 1 h & 25' = 1 h prep. + 25' coc.",
    "link": "https://www.recetas.com/receta-de-Tarta-de-frutas-6097.html",
    "ingredients": [
        "Para la masa: 200 gr. de harina 100 gr. de manteca 3 cdas. de azúcar 2 yemas Esencia de vainilla"
    ],
    "steps": [
        "Preparar la masa frola, la crema pastelera y la crema chantilly.Disolver la gelatina en el agua hirviendo y dejar enfriar.",
        "Forrar con la masa una tartera enmantecada y enharinada, cocinar en horno medio hasta que se dore ligeramente.",
        "Dejar enfriar y rellenar con la crema pastelera, cubrir con la crema chantilly y distribuir encima la fruta confitada cortada en trozos y las frutillas enteras.",
        "Terminar con una capa de gelatina ya coagulada y llevar a la heladera.Servir bien fría."
    ],
    "servings": "Comen 10",
    "difficulty": "Difícil"
}