{
    "id": "d854d93aaa0241ada4220ca8b6ae232f",
    "name": "Bolis de leche de fresa o vanilla",
    "country": "Mexico",
    "time": "Total: 35' = 15' prep. + 20' coc.",
    "link": "https://www.recetas.com/receta-de-Bolis-de-leche-de-fresa-o-vanilla-2734.html",
    "ingredients": [
        "Agua natural al gusto"
    ],
    "steps": [
        "Preparación:",
        "En una olla verter el agua natural y agregar el 2 cucharaditas de colorante (amarillo, de vainilla o rojo, de fresa).Batir hasta que tome el color. Echar 2 latas de leche evaporada y 1 lata de leche condensada y 2 cucharaditas de escencia de vainillla, y azúcar hasta que tenga un sabor dulce al gusto. Verter la preparación en las bolsas para helado y poner en el freezer hasta que estén congelados."
    ],
    "servings": "Comen 5",
    "difficulty": "Fácil"
}