{
    "id": "d8c5084d4ae54e42a153c5cd8432c046",
    "name": "Pasta mediterránea con pan tostado y queso",
    "country": "Italia",
    "time": "Total: 2 h & 10' = 2 h prep. + 10' coc.",
    "link": "https://www.recetas.com/pasta-mediterranea-con-pan-tostado-y-queso.html",
    "ingredients": [
        "400 gr. de fideos secos300 gr. de tomates secos4 dientes de ajo 1 cda. de orégano picado1 cda. de albahaca picada1/4 de cdta de aji molido 200 c.c, de aceite de olivaSal y pimienta; a gusto"
    ],
    "steps": [
        "Hidratar los tomates secos en agua hirviendo con sal. Escurrir y colocar en un bol junto con los ajos, la albahaca y el orégano todos bien picados, el aceite, el ají molido, sal y pimienta a gusto. Cubrir con papel film y dejar reposar durante al menos 2 horas (lo ideal es que reposen 24 horas).",
        "Cocinar los fideos en abundante agua salada hasta que estén en su punto. Escurrir y reservar.",
        "En una sartén colocar la preparación de tomates, llevar a fuego para calentar y añadir la pasta cocida. Sartenear un momento y rectificar los condimentos.",
        "Para servir: colocar la preparación sobre las rodajas de pan tostado, sobre láminas de queso."
    ],
    "servings": "Comen 4",
    "difficulty": "Normal"
}