{
    "id": "d957ab9fecdc48f7b7b222de18ee408b",
    "name": "Bife con papas fritas a caballo",
    "country": "Argentina",
    "time": "Total: 50' = 20' prep. + 30' coc.",
    "link": "https://www.recetas.com/receta-de-Bife-con-papas-fritas-a-caballo-1654.html",
    "ingredients": [
        "2 bifes anchos (o corte a gusto)2 papas grandes2 huevosAceiteSal"
    ],
    "steps": [
        "Pele y corte las papas en bastoncitos. Fríalas en abundante aceite.Caliente la plancha y dore los bifes, vuelta y vuelta hasta que estén a punto.En una sartén con poco aceite, prepare los huevos fritos, de a uno por vez.Sirva en cada plato un bife, acompañado por una montañita de papas fritas y un huevo frito por encima de éstas.Agregue sal a gusto."
    ],
    "servings": "Comen 6",
    "difficulty": "Fácil"
}