{
    "id": "d9902342134b4cb59b8e6d17193d3f08",
    "name": "Cóctel de mejillones",
    "country": "Argentina",
    "time": "Total: 1 h = 35' prep. + 25' coc.",
    "link": "https://www.recetas.com/receta-de-Coctel-de-mejillones-3439.html",
    "ingredients": [
        "4 manzanas verdes  200 gr. de carne de mejillón cocido  100 gr. de langostinos cocidos y pelados 1/2 planta de lechuga capuccina"
    ],
    "steps": [
        "Preparación:",
        "Mezclar en un bol los langostinos cocidos, pelados y troceados junto con la carne de mejillón y con los pimientos verdes y rojo (cortados muy pequeñitos). Agregar el jugo de limón, la mayonesa y el ketchup y un poco de aceite de oliva, por último condimentamos con sal a gusto y revolvemos bien todo para que se integren los sabores.",
        "Pelamos y cortamos la manzana verde en cuartos y luego en filetes, las colocamos a modo de base en copas de cóctel y rellenamos el centro con la preparación anterior."
    ],
    "servings": "Comen 4",
    "difficulty": "Normal"
}