{
    "id": "dab3627481924045b721fbd5376ffed7",
    "name": "Pasta para Bebes",
    "country": "Italia",
    "time": "Total: 1 h = 30' prep. + 30' coc.",
    "link": "https://www.recetas.com/receta-de-Pasta-para-Bebes-1149.html",
    "ingredients": [
        "1 y 1/2 taza de caldo de pollo (natural o concentrado) Pasta a elecciónQueso ralladoVerduras (zanahoria, calabaza, brócoli, etc.) Pollo (opcional)"
    ],
    "steps": [
        "Hervir el caldo de pollo. Añadir la pasta. Cocinar por unos 8-10 minutos, dependiendo de la pasta elegida, o hasta que la pasta esté a punto.",
        "Dejar enfriar por unos minutos y añadir el queso rallado. Si se desea, poner las verduras cortadas en trozos pequeños junto con el pollo a cocer con la pasta hasta que las verduras estén blandas."
    ],
    "servings": "Comen 4",
    "difficulty": "Normal"
}