{
    "id": "dabbb9bd1ca84c56b3ce5878d53ab1cc",
    "name": "Scandi smoked salmon potatoes",
    "country": "sweden",
    "time": "Preparation and cooking time Prep: 15 mins Cook: 15 mins",
    "link": "https://www.bbcgoodfood.com/recipes/scandi-smoked-salmon-potatoes",
    "ingredients": [
        "about 16 salad or new potatoes - longer ones work best (I used Pink Fir Apple)",
        "2 x 150g packs smoked salmon slices (or about 16 slices)",
        "150ml pot soured cream",
        "1 tbsp Dijon mustard",
        "1 tbsp caster sugar",
        "6 tbsp olive oil (I used half extra virgin, half mild)",
        "2 tbsp white wine vinegar",
        "½ a 20g bunch dill leaves well chopped"
    ],
    "steps": [
        "step 1 Boil the potatoes in their skins for 15 mins until tender, then drain and cool. Meanwhile, whisk all the sauce ingredients together, except the dill. Cut each piece of salmon in half to make two long strips.",
        "step 2 Halve the potatoes slightly on a diagonal, then wrap a piece of smoked salmon around each piece and place onto a platter. If you want to add salt, go easy, as the salmon is highly seasoned. Scatter with pepper, a squeeze of lemon and a few dill fronds. Give the sauce a quick whisk, add the chopped dill, season to taste, then pour into a dipping bowl. Scoop the soured cream into another. To eat, dip the potatoes into the cream, then spoon over a little sauce."
    ],
    "servings": "Serves 6",
    "difficulty": "Easy"
}