{
    "id": "daf7fc40ba6847e88906bac756a307ae",
    "name": "Puré de calabaza y manzana",
    "country": "España",
    "time": "Total: 30' = 15' prep. + 15' coc.",
    "link": "https://www.recetas.com/receta-de-Pure-de-calabaza-y-manzana-1165.html",
    "ingredients": [
        ""
    ],
    "steps": [
        "Pelar la calabaza y la manzana, cortar en cubos y disponer en una fuente para horno.Agregar 1/2 taza de agua y hornear aproximadamente media hora, removiendo de tanto en tanto, hasta que la calbaza esté tierna.",
        "Retirar del horno, escurrir el líquido y procesar."
    ],
    "servings": "Comen 2",
    "difficulty": "Fácil"
}