{
    "id": "db2433fd773a43fe9b2357c27e6f2a62",
    "name": "Verduras al vapor con salsa de yogur a la menta",
    "country": "España",
    "time": "Total: 20' = 10' prep. + 10' coc.",
    "link": "https://www.recetas.com/receta-de-Verduras-al-vapor-con-salsa-de-yogur-a-la-menta-3917.html",
    "ingredients": [
        "100 gr. de brócoli100 gr. de calabacín100 gr. de guisantes100 gr de judías verdes"
    ],
    "steps": [
        "Distribuir las verduras en la rejilla de cocción al vapor, encajar la rejilla en una olla con agua salada hirviendo. Dejar cocer hasta que todas las verduras estén hechas.",
        "Mezclar los ingredientes de la salsa en un bol y salpimentar."
    ],
    "servings": "Comen 4",
    "difficulty": "Fácil"
}