{
    "id": "dcb80f8852b04c8aa88db6f927eb5d05",
    "name": "Bifes a la pimienta",
    "country": "Argentina",
    "time": "Total: 15' = 5' prep. + 10' coc.",
    "link": "https://www.recetas.com/bifes-a-la-pimienta.html",
    "ingredients": [
        "2 bifes de chorizo gruesosPimienta negra en granos1 cda. de mantequilla2 cdas. de coñac o whiskyPatatas fritas"
    ],
    "steps": [
        "Muela pimienta negra en el molinillo, sobre uno y otro lado de los bifes; o muela la pimienta aplastándola con el palote y hágala adherir a la carne.",
        "Cueza los bifes a la parrilla hasta el punto de su agrado, póngalos en una fuente de metal caliente, báñelos con el alcohol previamente calentado y enciéndalo.",
        "Póngales un trocito de mantequilla encima de cada uno y sírvalos en seguida, con las patatas fritas."
    ],
    "servings": "Comen 2",
    "difficulty": "Normal"
}