{
    "id": "dd8c6776523e4480b05aaccf7e4f5a1b",
    "name": "Chicken Legs with Scallion Chimichurri",
    "country": "spain",
    "time": 45,
    "link": "https://www.hellofresh.com/recipes/chicken-legs-with-scallion-chimichurri-5cf0329ccf2d63001662686d",
    "ingredients": [
        "2 unitScallions",
        "2 cloveGarlic",
        "1 unitRoma Tomato",
        "1 unitLime",
        "13.4 ounceBlack Beans",
        "16 ounceChicken Legs",
        "1 tablespoonSouthwest Spice Blend",
        "½ cupJasmine Rice",
        "1 unitChicken Stock Concentrate",
        "4 tablespoonSour Cream(Contains  Milk)",
        "2 teaspoonVegetable Oil",
        "2 tablespoonOlive Oil",
        "2 tablespoonButter(Contains  Milk)",
        "Salt",
        "Pepper"
    ],
    "steps": [
        "Adjust rack to top position and\npreheat oven to 425 degrees. Line a\nbaking sheet with foil. Wash and dry\nall produce. Trim and roughly chop\nscallions. Mince or grate garlic. Dice\ntomato. Zest and quarter lime (quarter\nboth limes for 4 servings). Drain and\nrinse beans.",
        "Pat chicken dry with paper towels.\nDrizzle with oil; season all over with salt,\npepper, and half the Southwest Spice.\nPlace, skin sides up, on prepared baking\nsheet. Roast until chicken is browned and\ncooked through, 30-35 minutes. TIP: If\nchicken skin is not yet crispy, broil for\n2-3 minutes.",
        "Meanwhile, combine ¾ cup water\n(1½ cups for 4 servings), rice, and a large\npinch of salt in a small, lidded pot. Bring\nto a boil, then cover and reduce heat\nto low. Cook until water has absorbed\nand rice is tender, 15-18 minutes. Keep\ncovered off heat until ready to serve.",
        "Meanwhile, in a small bowl,\ncombine scallions, 2 TBSP olive oil (3\nTBSP for 4 servings), a pinch of garlic\nto taste, and juice from 1 lime wedge\n(2 wedges for 4). Season generously\nwith salt and pepper. Taste and add\nmore garlic or lime juice if you feel like\nsomething’s missing.",
        "Heat a drizzle of oil in a medium pot over\nmedium-high heat. Add tomato and\nremaining garlic. Cook until softened, 1-2\nminutes. Add beans, stock concentrate,\n¼ cup water (⅓ cup for 4 servings),\nremaining Southwest Spice, salt, and\npepper. Simmer until thickened, 5-10\nminutes. Turn off heat; stir in 1 TBSP\nbutter (2 TBSP for 4). In a second small\nbowl, combine sour cream, half the lime\nzest, juice from 1 lime wedge (2 wedges for\n4), and salt. Add water, 1 tsp at a time, until\nmixture reaches a drizzling consistency.",
        "Fluff rice with a fork, then stir in\n1 TBSP butter (2 TBSP for 4 servings),\nremaining lime zest, and juice from any\nremaining lime wedges to taste. Season\nwith salt and pepper. Divide rice and\nchicken between plates. Top rice with\nbean mixture and lime crema. Drizzle\nchicken with chimichurri."
    ],
    "servings": "2",
    "difficulty": "Easy"
}