{
    "id": "dea9e326362a4832b4e326e097832428",
    "name": "Arroz a la Nubesina",
    "country": "Venezuela",
    "time": "Total: 40' = 15' prep. + 25' coc.",
    "link": "https://www.recetas.com/receta-de-Arroz-a-la-Nubesina-3333.html",
    "ingredients": [
        "2 taza de Arroz"
    ],
    "steps": [
        "Luego coloque en una olla el arroz y las piezas de pollo, utilice el consomé del pollo para cocinar el arroz si le hace falta mas complete con agua."
    ],
    "servings": "Comen 4",
    "difficulty": "Normal"
}