{
    "id": "debda15b99d248ee805b2f680b5433b8",
    "name": "Salmón rosado con vegetales al wok",
    "country": "Japón",
    "time": "Total: 35' = 20' prep. + 15' coc.",
    "link": "https://www.recetas.com/salmon-rosado-con-vegetales-al-wok.html",
    "ingredients": [
        "600 gr. de salmón rosado1 cebolla grande (o 2 pequeñas)1/4 de repollo blanco1 zanahoria mediana2 zucchini1 berenjena1/2 pimiento rojo150 gr. de brotes de soja70 cc de aceite de girasol Cantidad necearia de sal y azúcar"
    ],
    "steps": [
        "Quite la piel a la porción de salmón. Controle que no haya espinas. Corte en bastones de 4 cm de largo y 1/2 cm de ancho. Tape los bastones con papel film, colóquelos en un recipiente y resérvelos en la heladera hasta su uso.Lave y pele todos los vegetales. Corte la cebolla y el repollo en tiras finas (émincé). Corte la zanahoria, el zucchini, la berenjena y el pimiento rojo en juliana.Lave muy bien los brotes de soja dentro de un colador y bajo un chorro de agua fría. Escurra y quíteles la raíz.Para la cocción, coloque el wok sobre el fuego bien fuerte, agregue el aceite y deje que se caliente muy bien.Saltee los bastoncitos de salmón en el wok y, con una cuchara de madera, muévalos bien.Apenas se comience a dorar el salmón, agregue los vegetales en este orden, con 1 minuto de diferencia entre uno y otro: zanahoria, cebolla, pimiento rojo, repollo blanco, berenjena, zucchini, brotes de soja.Mueva mucho los vegetales, con una cuchara de madera o haciéndolos saltar sobre el mismo wok. Condimente con sal y un poco de azúcar. Mezcle y sirva inmediatamente. Si el comensal lo desea, puede condimentarse con salsa de soja."
    ],
    "servings": "Comen 4",
    "difficulty": "Normal"
}