{
    "id": "df21ba7efbd5495e9cb6e57b87332c58",
    "name": "Sopa de frijoles negros",
    "country": "Mexico",
    "time": "Total: 2 h & 17' = 10' prep. + 2 h & 7' coc.",
    "link": "https://www.recetas.com/sopa-de-frijoles-negros.html",
    "ingredients": [
        "500 gr. de porotos negros1 cda. de aceite de oliva e.v.1 pimiento verde o rojo, picado 1/2 taza de cebolla en rodajas 2 dientes de ajo1/2 taza de cilantro fresco Sal Pimienta negra"
    ],
    "steps": [
        "Enjuagar los frijoles, cubrirlos con agua y dejarlos en remojo toda la noche.",
        "Al día siguiente cocinarlos a fuego lento durante unas 3 horas, en una cacerola con al menos siete tazas de agua. Agregar más agua si es necesario.",
        "Cuando estén bastante blandos, agregar todos los demás ingredientes.",
        "Notas: Se puede agregar jugo de limón, tabasco, crema, cebollín o cebollas blancas para enfatizar la fragancia o agregar uno o dos huevos, cocinar por otros 3 minutos y servir con harina o tortillas de trigo."
    ],
    "servings": "Comen 4",
    "difficulty": "Normal"
}