{
    "id": "dfc8c8da93464f00b357d618510de41d",
    "name": "Tarta de pomelo rosado",
    "country": "Argentina",
    "time": "Total: 50' = 30' prep. + 20' coc.",
    "link": "https://www.recetas.com/receta-de-Tarta-de-pomelo-rosado-4449.html",
    "ingredients": [
        "Para la masa:350 gr. de harina 130 gr. de azúcar 210 gr. de manteca 1 huevo1 yema1 pizca de sal Esencia de vainilla"
    ],
    "steps": [
        "Pelar los 3 pomelos y separar los gajos. Preparar un caramelo en una cacerolita a fuego medio.",
        "Masa: mezclar en un bol harina, sal, esencia de vainilla y el azúcar. Incorporar los huevos. Amasar. Incorporar las yemas. Amasar. Agregar la manteca a temperatura ambiente.Mezclar hasta obtener una masa homogénea.",
        "Forrar una fuente para horno con papel manteca. Colocar y aplastar sobre la superficie de la fuente 2/3 de la masa. Picar la masa con un tenedor.",
        "Extender el otro tercio de masa con el palo. Cortar triangulitos iguales que deberán ser colocados, previo humedecimiento, en el borde del plato alrededor de toda la circunferencia.",
        "Hornear a temperatura media por aproximadamente 20 minutos",
        "Crema: pelar la parte rosada de los pomelos y picarla. Exprimir los pomelos. Colocar en una cacerolita huevos, azúcar y jugo. Calentar a fuego suave y revolver. Agregar cáscara picada y manteca. Seguir mezclando. Apagar el fuego y dejar enfriar.",
        "Untar la crema sobre la tarta y decorar con gajos de pomelo y caramelo."
    ],
    "servings": "Comen 6",
    "difficulty": "Fácil"
}