{
    "id": "e0e87e1a96844b6490817da42d274d5d",
    "name": "Canelones de perdiz",
    "country": "España",
    "time": "Total: 1 h & 10' = 30' prep. + 40' coc.",
    "link": "https://www.recetas.com/receta-de-Canelones-de-perdiz-3598.html",
    "ingredients": [
        "16 láminas de canelones cocidos4 perdices escabechadas y desmenuzadas1  morrón asado"
    ],
    "steps": [
        "Preparación:Coloca en una olla el vino tinto junto con el caldo de carne y la nata líquida. Agrega en esta preparación la mitad de las trufas bien picadas. Agrega sal y pimienta a gusto y deja reducir la mezcla hasta que espese.Rellena los canelones (previamente cocidos según las instrucciones del paquete) con esta mezcla.",
        "Coloca los canelones ya preparados en una placa y llévalos al horno templado durante unos 5 minutos.Mientras tanto fríe los plátanos previamente pelados y fileteados en un sartén con aceite.",
        "Una vez que saques los canelones del horno, cúbrelos con salsa y adorna con el resto de las trufas cortadas. Coloca a un lado de la fuente las rodajas de plátano frito de manera decorativa."
    ],
    "servings": "Comen 4",
    "difficulty": "Fácil"
}