{
    "id": "e218e13c19904aa9bc8aad57641be783",
    "name": "Ragú a la boloñesa",
    "country": "Italia",
    "time": "Total: 2 h & 37' = 30' prep. + 2 h & 7' coc.",
    "link": "https://www.recetas.com/ragu-a-la-bolonesa.html",
    "ingredients": [
        "1 cebolla pequeña1/2 tallo de apio1 zanahoria pequeña150 gr. de tocino picado250 gr. de lomo de cerdo picado350 gr. de carne molida1/2 taza de vino blanco seco1 vaso de leche entera 400 gr. de puré de tomate2 cdas. de concentrado de tomateAceite de oliva virgen extra1 nuez de mantequillaSal gruesaPimienta"
    ],
    "steps": [
        "Picar finamente con un cuchillo el apio, la zanahoria y la cebolla. Calentar el aceite y la mantequilla en una cacerola de fondo grueso, añadir las verduras y dejar ablandar lentamente a fuego lento.",
        "Añadir el tocino y después de un par de minutos, la carne picada. Freír a fuego alto, revolviendo constantemente mezclando con una cuchara de madera.",
        "Verter el vino blanco y dejar evaporar. Cuando no se sienta más el olor a alcohol, añadir la leche y dejar que absorba siempre a fuego medio, revolviendo ocasionalmente. Se sazona con sal y pimienta fresca recién molida.",
        "Añadir entonces el puré de tomate y el concentrado, mezclando con una cuchara para amalgamar. Llevar a ebullición, tapar parcialmente la cacerola, y cocer a fuego lento durante 2 horas. La salsa boloñesa estará lista para enriquecer las comidas."
    ],
    "servings": "Comen 4",
    "difficulty": "Normal"
}