{
    "id": "e2cb9291d806448fbbb8b8ea7e008a66",
    "name": "Ensalada Hot Spain",
    "country": "España",
    "time": "Total: 15' = 15' prep. + - coc.",
    "link": "https://www.recetas.com/receta-de-Ensalada-Hot-Spain-5301.html",
    "ingredients": [
        ""
    ],
    "steps": [
        "Lavar los tomates y cortarlos en rodajas. Disponerlos en una fuente escalonadamente.",
        "Mezclar las papas cortadas en cubos con las aceitunas, los pepinillos, la cebolla, el ajo picado y la salsa tabasco. Acomodar en el centro de la fuente.",
        "Aliñar a gusto y espolvorear con pimienta negra recién molida.",
        ""
    ],
    "servings": "Comen 4",
    "difficulty": "Fácil"
}