{
    "id": "e5f35500850d4b848a90ee13fb8e7b42",
    "name": "Rosquitas de Santa Clara",
    "country": "Argentina",
    "time": "Total: 50' = 40' prep. + 10' coc.",
    "link": "https://www.recetas.com/receta-de-Rosquitas-de-Santa-Clara-1472.html",
    "ingredients": [
        "1/2 taza de agua 1 pizca de sal 50 gr. de manteca 1/2 taza de harina leudante 6 yemas Manteca para las placas"
    ],
    "steps": [
        "Hervir el agua con una pizca de sal y los 50 gr. de manteca. Echar la harina leudante. Remover  bien la harina hasta que se forme una masa.",
        "Retirar la masa del fuego y agregarle (en caliente) una yema, mezclar bien.Repetir la acción con las otras 5 yemas.",
        "Una vez finalizado, tomar pociones y darle forma de roscas, colocándolas luego en un recipiente para llevar al horno. Cocinar unos 10 min. en horno caliente,",
        "Preparar el almíbar y bañar con el las rosquillas una vez sacadas del horno."
    ],
    "servings": "Comen 5",
    "difficulty": "Fácil"
}