{
    "id": "e7d6ffc123424b21991218d59089dba4",
    "name": "Masa de pizza",
    "country": "Italia",
    "time": "Total: 45' = 15' prep. + 30' coc.",
    "link": "https://www.recetas.com/receta-de-Masa-de-pizza-6531.html",
    "ingredients": [
        "170 gr. de harina 108 ml. de agua templada4 gr. de sal 16 gr. de levadura fresca"
    ],
    "steps": [
        "Mezclar el agua, la levadura desmenuzada, 2 cucharadas de harina y la sal. Dejar reposar 10 minutos. Una vez pasados los 10 minutos, empezar a añadir poco a poco la harina sin dejar de mover con una cuchara. Seguir hasta formar un bollo que se despegue de la mesada. Amasar el bollo, añadiéndole mas harina a medida que sea necesaria.",
        "Una vez amasado el bollo, (durante 5 minutos por lo menos o hasta que esté liso), cubrir y dejar reposar para que la levadura haga su efecto y la masa suba, por lo menos durante 30 minutos.",
        "Cuando la masa halla duplicado su volumen, estirarla con las manos para darle la forma del molde donde se cocinará y cubrirla con los ingredientes deseados."
    ],
    "servings": "Comen 4",
    "difficulty": "Fácil"
}