{
    "id": "e813cae10a814b5f913b54dde30913ef",
    "name": "Tarta de chocolate con ricotta",
    "country": "Italia",
    "time": "Total: 1 h & 10' = 30' prep. + 40' coc.",
    "link": "https://www.recetas.com/receta-de-Tarta-de-chocolate-con-ricotta-1900.html",
    "ingredients": [
        "125 gr. de mantequilla 2 huevos 350 gr. de harina 250 gr. de azúcar glase 125 gr. de cacao 1 vaso de agua"
    ],
    "steps": [
        "Preparacón:",
        "Base: Fundir la manteca e integrar con los huevos, agua, harina, azúcar y cacao. Hornear cuarenta minutos a 180ºC. Dejar enfriar.Cortar la masa y obtener tres capas.",
        "Relleno: En un bol, colocar las guindas, las peladuras, la ricotta y azúcar a gusto. Mezclar.",
        "Cobertura: Diluir un poco de café en agua y mezclar con la nata batida a nieve.",
        "Armado: Humedecer las tres capas con coñac y rellenar entre cada una de ellas con el relleno preparado.",
        "Cubrir toda la torta con la cobertura de café y echarle encima las almendras."
    ],
    "servings": "Comen 6",
    "difficulty": "Difícil"
}