{
    "id": "e92f4130fb304bcf8c2c5762ebd91b6e",
    "name": "Croquetas crocantes",
    "country": "España",
    "time": "Total: 35' = 15' prep. + 20' coc.",
    "link": "https://www.recetas.com/receta-de-Croquetas-crocantes-3979.html",
    "ingredients": [
        ""
    ],
    "steps": [
        "Preparación:",
        "Echar el arroz en abundante agua salada hirviendo y dejarlo cocinar ahervor fuerte durrante unos quince minutos aproximadamente. Escurrir el arroz en un colador.",
        "Cortar el jamón en tiritas finas y picar las hierbas frescas. Batir los huevos con pimienta, nuez mascada y sal y añadirlo al arroz.",
        "Hacer las croquetas de forma alargada.",
        "Calentar bastante aceite y dorar en él las croquetas. Dejarlas escurrir sobre papel absorbente y servirlas bien crocantes, con cebollín picado por encima."
    ],
    "servings": "Comen 4",
    "difficulty": "Normal"
}