{
    "id": "eaf3049d9f754c2fbaa90018ea787667",
    "name": "Fresas con crema dulce",
    "country": "Mexico",
    "time": "Total: 20' = 20' prep. + - coc.",
    "link": "https://www.recetas.com/receta-de-Fresas-con-crema-dulce-5884.html",
    "ingredients": [
        "500 gr. de fresas1 lata de leche condensada250 gr. de crema líquida"
    ],
    "steps": [
        "Lavar bien las fresas y partilas en mitades a lo largo.",
        "Mezclar la crema con la leche condensada, batiendo ligeramente con un tenedor para que esponje un poco.",
        "Servir las fresas en copas, acompañadas por la crema bien fría.",
        ""
    ],
    "servings": "Comen 4",
    "difficulty": "Fácil"
}