{
    "id": "eb06a31eef5445988cddfb718cff6813",
    "name": "Pico de gallo",
    "country": "Mexico",
    "time": "Total: 15' = 15' prep. + - coc.",
    "link": "https://www.recetas.com/pico-de-gallo.html",
    "ingredients": [
        "2 tomates rojos y maduros1 cebolla blanca, pequeña1 o 2 chiles Jalapeño o SerranoZumo de 1 lima1 manojo de cilantroSal"
    ],
    "steps": [
        "Cortar los pimientos y agregarlos al resto de las verduras. Cortar el cilantro con las manos y agregarlo al pico de gallo.",
        "Sazonar con jugo de lima y una pizca de sal. Picar los chiles y agregarlos al resto de las verduras. Mezclar bien y servir."
    ],
    "servings": "Comen 4",
    "difficulty": "Normal"
}