{
    "id": "eb1815d549bb4c99ba21c97e3c2bc850",
    "name": "Caspiroleta",
    "country": "Colombia",
    "time": "Total: 30' = 20' prep. + 10' coc.",
    "link": "https://www.recetas.com/receta-de-Caspiroleta-5255.html",
    "ingredients": [
        "2 huevos4 cdas. de azúcar1 taza de leche hirviendo2 copas de brandy, coñac, whisky o aguardienteCanela rallada a gusto o nuez moscada"
    ],
    "steps": [
        "En un recipiente, bata vigorosamente las yemas de los huevos con la mitad del azúcar y 2 cucharadas de leche caliente.",
        "Vierta el resto de la leche y revuelva hasta que espese. Incorpore el licor y baje el fuego.",
        "Monte las claras de huevo con el resto del azúcar hasta obtener punto de nieve y revuelva en la crema anteriormente preparada.",
        "Espolvoree canela a gusto. Sirva caliente en tazones.",
        ""
    ],
    "servings": "Comen 4",
    "difficulty": "Fácil"
}