{
    "id": "eb3f242d539643f89be43d112ef62928",
    "name": "Pasta bicolor con espárragos y jamón cocido",
    "country": "Italia",
    "time": "Total: 35' = 10' prep. + 25' coc.",
    "link": "https://www.recetas.com/receta-de-Pasta-bicolor-con-esparragos-y-jamon-cocido-3748.html",
    "ingredients": [
        "150 gr. de pasta tipo cintitas al huevo150 gr. de pasta tipo cintitas de espinaca1 atado de espárragos100 gr. de jamón cocido50 gr. de queso rallado1/2 copita de vino MarsallaAceite extra virgen de olivaSal y pimienta"
    ],
    "steps": [
        "Cocer los espárragos al vapor durante 10 minutos.",
        "Hervir la pasta al dente, escurrirla y volcar en una sartén con un poco de aceite.",
        "Remover bien la pasta para que se impregne con el aceite y agregar los espárragos cortados en trocitos de 3 a 4 cm. junto con el jamón cocido, cortado en daditos.",
        "Bañar con el vino Marsalla, salar y pimentar; mezclar todo bien sobre el fuego y servir el plato espolvoreado con queso rallado."
    ],
    "servings": "Comen 4",
    "difficulty": "Fácil"
}