{
    "id": "ebadf22617c74d2d8ec7e2b80ed28f3d",
    "name": "Torta de Mil Hojas",
    "country": "Chile",
    "time": "Total: 1 h & 15' = 1 h prep. + 15' coc.",
    "link": "https://www.recetas.com/receta-de-Torta-de-Mil-Hojas-4688.html",
    "ingredients": [
        "1/4 kg. de margarina4 yemas3 tazas de harina 500 gr. de manjar (dulce de leche) Optativo: Nueces picadas y molidas para espolvorear."
    ],
    "steps": [
        "Preparación:",
        "Deshacer la margarina a fuego lento, agregar las yemas, y formar una crema agregando poco a poco la harina hasta que quede una masa fácil de amasar.",
        "Estirar la masa bien fina y tomando como molde un plato (dependiendo de lo grande que quieran hacer la torta), cortar discos.",
        "Cocinar estos discos de a uno en horno caliente unos pocos minutos, sobre una lata sin enmantequillar (pincharlos para que no se inflen), hasta que estén secos, pero sin dejar dorar.",
        "Resultan de 10 a 12 discos, los cuales se van colocando sobrepuestas y entre una y otra se pone el manjar.",
        "Cuando todas los discos han sido colocados, espolvorear con las nueces picadas y molidas.",
        "Si se desea, también pueden espolvorearse con azúcar flor."
    ],
    "servings": "Comen 15",
    "difficulty": "Normal"
}