{
    "id": "ed139734b4654b4e9f6d407e9d0393c5",
    "name": "Melkert",
    "country": "Sudáfrica",
    "time": "Total: 1 h & 40' = 1 h prep. + 40' coc.",
    "link": "https://www.recetas.com/melkert.html",
    "ingredients": [
        "200 gr. de harina160 gr. de azúcar3 huevos130 gr. de mantequilla500 ml de leche1 cdta. de polvo de hornear1 pizca de sal1/2 vaina de vainillaCanela1 cda. de azúcar moreno"
    ],
    "steps": [
        "Trabajar en un recipiente 80 gramos de azúcar con 80 gramos de mantequilla hasta que quede cremosa.",
        "Unir la harina, la sal y el polvo de bornear y trabajar con las manos hasta que la mezcla quede arenosa, añadir un huevo y amasar.",
        "Formar un bollo, envolverlo en papel film y colocar en el refrigerador, dejándolo descansar durante aproximadamente una hora.",
        "Calentar la leche y derretir los 50 gramos restantes de mantequilla. Batir las yemas con el resto del azúcar y las semillas de la vaina de vainilla. Verter sobre la leche, revolviendo de manera que no se cocinen los huevos. Dejar enfriar.",
        "Batir a punto de nieve las dos claras de huevo restantes y añadir a la mezcla de leche y huevos.",
        "Tomar la masa y extenderla de 4 mm de altura. Forrar con ella un molde tarta de 24 cm de diámetro y pinchar la base con un tenedor. Para la cocción en blanco, cubrir con bolas de cerámica o leguminosas y hornear a 180 ° C durante 20 minutos.",
        "Retirar del horno y rellenar con la crema, espolvorear con abundante canela en polvo y una cucharada de azúcar moreno. Hornear de nuevo y cocer durante 20 minutos.",
        "Retirar del horno y dejar enfriar por completo antes de servir.",
        "Alternativa: Si no le gusta la canela, se puede espolvorear la superficie con cacao en polvo."
    ],
    "servings": "Comen 6",
    "difficulty": "Normal"
}