{
    "id": "ed4b34d995a2494380b932fa2b630a07",
    "name": "Caipirinhas with pineapple",
    "country": "brazil",
    "time": "Preparation and cooking time Prep: 15 mins No cook",
    "link": "https://www.bbcgoodfood.com/recipes/caipirinhas-pineapple",
    "ingredients": [
        "1 small pineapple",
        "juice 4  limes",
        "bunch fresh mint",
        "8 tbsp golden caster sugar",
        "400ml cachaça liqueur, or light rum",
        "crushed  ice for 8 glasses",
        "800ml pineapple juice"
    ],
    "steps": [
        "step 1 Core the pineapple and cut into 3cm chunks. Place 8 small handfuls of pineapple, the lime juice, half the mint and the sugar into a pitcher and mash up with the end of a rolling pin or a fat wooden spoon.",
        "step 2 Pour in the cachaça and a little crushed ice, then pour into 8 glasses, and add more crushed ice. Pour the pineapple juice over, filling to the rim. Garnish the glasses with extra mint sprigs and cocktail sticks with pieces of pineapple threaded on."
    ],
    "servings": "Makes 8",
    "difficulty": "Easy"
}