{
    "id": "ed8e1529c3a54608af05354ffecd0d31",
    "name": "Fideos a la cazuela",
    "country": "España",
    "time": "Total: 52' = 30' prep. + 22' coc.",
    "link": "https://www.recetas.com/receta-de-Fideos-a-la-cazuela-6208.html",
    "ingredients": [
        "300 gr. de fideos n° 3200 gr. de costilla de cerdo troceada100 gr. de salchichas troceadas200 gr. de tomates maduros50 gr. de guisantes2 pimientos verdes1 cebolla2 dientes de ajo 7 cdas. de aceite1 saborizador de pollo"
    ],
    "steps": [
        "Picar la cebolla, los tomates, el ajo y los pimientos.",
        "En una cazuela con un poco de aceite, freír las costillas de cerdo y las salchichas previamente troceadas. Retirar.",
        "En la grasa que queda en la cazuela, freír la cebolla. Agregar los tomates, el ajo, los pimientos y los guisantes. Finalmente agregar el saborizador diluído en 3/4 de litro de agua y dejar 5 minutos.",
        "Incorporar la carne y cocer unos 10 minutos. Agregar los fideos y mantener a fuego lento durante 12 minutos mas."
    ],
    "servings": "Comen 4",
    "difficulty": "Normal"
}