{
    "id": "ee3ce08a28d84ec493edcb43303c23c8",
    "name": "Lasagna sin horno",
    "country": "Italia",
    "time": "Total: 40' = 30' prep. + 10' coc.",
    "link": "https://www.recetas.com/receta-de-Lasagna-sin-horno-7618.html",
    "ingredients": [
        "16 placas precocidas de pasta1/2 kg. de carne picada2 pimientos2 cebollas1 sobre de salsa bechamel1 lata de tomate triturado"
    ],
    "steps": [
        "Llenar un bol amplio con agua caliente y sumergir las placas precocidas para ablandarlas.",
        "Mientras tanto, freír la carne picada tratando que quede lo mas suelta posible y saltear también los pimiento y cebollas picados.",
        "En una olla aparte, preparar el sobre de bechamel. Cuando esté a punto, añadir el  tomate y la carne frita, los pimientos y las cebollas salteados.",
        "Escurrir las placas de pasta y extendenderlas en un paño limpio para secar el agua que tengan.",
        "Armar la lasagna intercalando las placas de pasta con la salsa. Servir con queso rallado por encima."
    ],
    "servings": "Comen 4",
    "difficulty": "Fácil"
}