{
    "id": "eff10a8337fb45cbab1e0ea527df365a",
    "name": "Beef, Black Bean & Green Pepper Flautas",
    "country": "mexico",
    "time": 30,
    "link": "https://www.hellofresh.com/recipes/beef-black-bean-and-green-pepper-flautas-66f45e6b4c65e1fd73e1bfd9",
    "ingredients": [
        "1 unitTomato",
        "2 unitScallions",
        "1 unitLime",
        "1 unitOnion",
        "1 unitLong Green Pepper",
        "1 unitBlack Beans",
        "1 tablespoonSouthwest Spice Blend",
        "6 unitFlour Tortillas(Contains  Soy, Wheat)",
        "½ cupPepper Jack Cheese(Contains  Milk)",
        "4 tablespoonGuacamole",
        "3 tablespoonSour Cream(Contains  Milk)",
        "10 ounceGround Beef",
        "Salt",
        "Pepper",
        "Olive Oil",
        "Cooking Oil",
        "Butter(Contains  Milk)"
    ],
    "steps": [
        "• Finely dice tomato. Trim and thinly slice\nscallions. Halve lime. Halve, peel, and thinly\nslice onion. Core, deseed, and cut green\npepper into 1⁄2-inch pieces. Drain beans over\na small bowl, reserving liquid.\n• In a separate small bowl, combine tomato,\nscallions, a big squeeze of lime juice, and\na drizzle of olive oil. Season with salt and\npepper.",
        "• Heat a drizzle of oil in a large pan over\nmedium-high heat. Add onion and green\npepper; cook, stirring occasionally, until\njust softened, 5-6 minutes.\n• Add Southwest Spice Blend and half the\nbeans (you’ll use the rest in the next step).\nCook, stirring, until fragrant and warmed\nthrough, 2-3 minutes. Season with salt and\npepper. Remove from heat.\nOpen package of chicken* and drain off\nany excess liquid. Add chicken or beef*\nto pan along with onion and green\npepper; cook, stirring frequently, until\nmeat is cooked through and veggies are\nsoftened, 4-6 minutes. Cook through the\nrest of the step as instructed.",
        "• Meanwhile, heat a drizzle of oil in a small\npot over medium-high heat. Add\nremaining beans and cook, stirring, until\nslightly softened, 2-3 minutes.\n• Add 1⁄4 cup reserved bean liquid (1⁄2 cup for\n4 servings). Simmer until warmed through,\n1-2 minutes.\n• Reduce heat to low and stir in 1 TBSP\nbutter until melted.\n• Remove pot from heat; mash beans until\nmostly smooth. Season generously with salt\nand pepper.",
        "• Spread tortillas with mashed beans. Place a\nsmall amount of filling on one half of each\ntortilla, then sprinkle with pepper jack.\n• Roll up tortillas, starting with filled sides, to\ncreate flautas. Place, seam sides down, on a\nplate or work surface.\n• Wash out pan.",
        "• Heat a large drizzle of oil in same pan over\nmedium-high heat. Add flautas, seam\nsides down. Cook, turning carefully so\nthey stay intact, until golden brown and\ncrispy, 1-2 minutes per side. TIP: Work in\nbatches if necessary and watch carefully\nto avoid burning.",
        "• Divide flautas between plates and top with\nguacamole, pico de gallo, and sour cream.\n(Alternatively, serve with toppings on the\nside for dipping.) Cut remaining lime half\ninto wedges and serve on the side.\nGround Meat is fully cooked when internal temperature reaches 160°."
    ],
    "servings": "2",
    "difficulty": "Medium"
}