{
    "id": "f08472aa152447d6a621c8ca0a7e0999",
    "name": "Pequeño gazpacho y brocheta de pulpo",
    "country": "España",
    "time": "Total: 19' = 15' prep. + 4' coc.",
    "link": "https://www.recetas.com/pequeno-gazpacho-y-brocheta-de-pulpo.html",
    "ingredients": [
        "300 gr. de tomates 120 gr. de pulpo cocido 70 gr. de pulpa de pepino, más un extra50 gr de pimiento rojo, más un extra30 gr. de apio8 gambas Hojas verdes para ensaladaCebolletaPan blancoVinagreAceite de oliva virgen extra"
    ],
    "steps": [
        "Pelar los tomates, cortarlos en trozos; mojar mitad de una rebanada de pan de molde en vinagre; cortar en cubitos el pimiento, apio, pepino y cebolla.",
        "Mezclar todo, adicionar 50 cc. de agua y 8 gr. de aceite.",
        "Pelar las colas de gambas dejándolas enteras y pasarlos por agua hirviendo durante 3-4'.",
        "Cortar el pulpo en trozos pequeños y pincharlos en 4 palillos para brochetas.",
        "Para servir, distribuir el gazpacho en cuatro vasos y agregarle los pinchos; completar con las gambas, ensalada de hojas y pimiento y pepino picado."
    ],
    "servings": "Comen 4",
    "difficulty": "Normal"
}