{
    "id": "f0be5eb7b9444ace9162688831554b78",
    "name": "Bomboncitos",
    "country": "Argentina",
    "time": "Total: 15' = 15' prep. + - coc.",
    "link": "https://www.recetas.com/receta-de-Bomboncitos-2379.html",
    "ingredients": [
        "125 gr. de avena extra fina100 gr. de manteca1 cda. grande de dulce de leche100 gr. de chocolate en polvo1 bolsita de coco rallado o granas de chocolate"
    ],
    "steps": [
        "Mezclar bien el dulce de leche, la avena, la manteca y el chocolate.",
        "Armar pelotitas pequeñas con la masa y pasarlas por la grana de chocolate o el coco rallado.",
        "Acomodar las pelotitas en una fuente y ponerlas en la heladera hasta que esten frías."
    ],
    "servings": "Comen 10",
    "difficulty": "Fácil"
}