{
    "id": "f117cb1b78b3460b8b963585057e37b9",
    "name": "Huevos fritos a la italiana",
    "country": "Italia",
    "time": "Total: 20' = 5' prep. + 15' coc.",
    "link": "https://www.recetas.com/huevos-fritos-a-la-italiana.html",
    "ingredients": [
        "8 huevos8 tajadas de jamón crudo o panceta ahumada4 cdas. de queso rallado1 diente de ajo50 gr. de mantequilla1 latita de morrones1 lata de guisantesSalPimienta"
    ],
    "steps": [
        "Escurra los morrones y córtelos en tiritas, caliéntelos con el ajo entero y los guisantes escurridos en una sartén; salpimiente y retire el ajo.",
        "Mantenga esto caliente y prepare los huevos fritos en mantequilla mientras en otra sartén saltea las tajadas de jamón o panceta hasta que la grasa se comience a dorar.",
        "Sirva en cada plato los huevos sobre las tajadas de jamón o panceta y eche encima las guisantes con morrones. Acompañe con tostadas o rebanadas de pan fritas en mantequilla, y por supuesto una ensalada."
    ],
    "servings": "Comen 4",
    "difficulty": "Normal"
}