{
    "id": "f26c437e0f3e473ba5d04790908cd4eb",
    "name": "Ensalada César Mexicana",
    "country": "Mexico",
    "time": "Total: 30' = 20' prep. + 10' coc.",
    "link": "https://www.recetas.com/ensalada-cesar-mexicana.html",
    "ingredients": [
        "1 planta de lechuga romana 4 pechugas de pollo1 aguacate maduro1 lima1 diente de ajo2 cdas. de queso parmesano rallado más escamas para servirSalsa WorchestershireSalsa Tabasco4 rebanadas de panChiles en copos para servirAceite de oliva v.eOréganoCominoSalPimienta negra recién molida"
    ],
    "steps": [
        "Lavar la lechuga, cortarla en en trozos grandes y reservarla.",
        "Condimentar con orégano, pimienta y comino las pechugas de pollo y cocinarlas en una sartén caliente, una vez cocidas, salr y cortar en tiras.",
        "Poner en el vaso de la licuadora la pulpa del aguacate, el jugo de lima, el ajo, dos cucharadas de queso parmesano, dos cucharadas de aceite de oliva virgen extra, las dos salsas (Tabasco y Worcestershire) al gusto, un pellizco de sal y un poco de pimienta recién molida, y procesar bien para obtener una crema suave.",
        "Cortar el pan en cubitos de unos 2 cm y tostarlo en una sartén con dos cucharadas de aceite de oliva virgen extra.",
        "Poner en un bol o en cuatro platos para servir la lechuga, cortar las pechugas de pollo, verter la crema de aguacate, y completar con los cubos de pan, las escamas dequeso parmesano y los copos de chile, luego servir.",
        "Nota: Para prepararla con anticipación, se pueden cocinar las pechugas de pollo previamente y calentarlas rápidamente antes de servir, y usar más limas para la salsa, para que no se oxide.",
        "También se puede utilizar pan con semillas o centeno, hacerlo dorar con mantequilla, y servir con escamas de queso duro de oveja."
    ],
    "servings": "Comen 4",
    "difficulty": "Normal"
}