{
    "id": "f3d7709c2f3842979f0b2d005cea8e07",
    "name": "Pollo Cremoso",
    "country": "España",
    "time": "Total: 55' = 15' prep. + 40' coc.",
    "link": "https://www.recetas.com/receta-de-Pollo-Cremoso-2616.html",
    "ingredients": [
        "1 pollo cortado en presas1 cebollita de verdeo cortada en tajadas1 cebolla picada 2 copas de vino blanco500 cc. de crema de leche1 cda. . de tomillo12 cda. de orégano2 hojas de laurelSalPimienta Manteca"
    ],
    "steps": [
        "Saltear el pollo en 2 cucharadas de manteca, salpimentar y una vez dorado y retirar. Rehogar en la misma cacerola la cebollita de verdeo y la cebolla, y condimentar con las hierbas. Luego, agregar el vino blanco y la crema. Volver a incorporar el pollo y cocinar a fuego suave hasta que esté tierno y la salsa haya reducido. Acomodar las presas en una fuente y bañar con la salsa. Servir."
    ],
    "servings": "Comen 6",
    "difficulty": "Normal"
}