{
    "id": "f417f6de278c49fcab3d9835ee962170",
    "name": "Panetttone sorpresa",
    "country": "Italia",
    "time": "Total: 20' = 20' prep. + - coc.",
    "link": "https://www.recetas.com/panetttone-sorpresa.html",
    "ingredients": [
        "700 gr. de helado de crema1 panettone de 2 kilos4 cdas. de oporto50 gramos de pasas de uva50 gr. de almendras peladas y tostadas50 gr. de higos secos picados50 gr. de dátiles picados2 pocillos de almíbar"
    ],
    "steps": [
        "Cortar una tapita en la parte superior del panetttone, ahuecarlo, retirando las migas hasta 1 o 2 cm. del borde. Reservar.",
        "Mezclar el almíbar con el oporto. Separar la mitad y mezclar el resto con el interior del panetttone desmigajado. Rociar el interior del panetttone con el almíbar reservado.",
        "Aparte, mezclar el helado con la fruta seca y disecada. Unirle la miga perfumada.",
        "Rellenar el panetttone con la preparación de helado. Tapar y envolver con papel aluminio y mantener en el freezer hasta unos 15 minutos antes de servir."
    ],
    "servings": "Comen 8",
    "difficulty": "Normal"
}