{
    "id": "f676281edc7a48fea693cb2911df010e",
    "name": "Pastelitos de ricotta",
    "country": "Italia",
    "time": "Total: 50' = 30' prep. + 20' coc.",
    "link": "https://www.recetas.com/receta-de-Pastelitos-de-ricotta-4014.html",
    "ingredients": [
        "Para la masa:200 gr. de harina 100 gr. de manteca 100 gr.de ricotta 1 huevo Sal"
    ],
    "steps": [
        "Preparación:En un bol mezcle la harina cernida, la ricota y la manteca, el huevo y pizca de sal; amase sólo para mezclar. Estire la masa más bien fina y corte cuadrados de doce centímetros de lado.",
        "Aparte, mezcle la ricota con el jamón picado, el queso rallado, poca sal (ya que el jamón es salado), pizca de pimienta y de nuez moscada y el huevo.",
        "Reparta esta preparación en los centros de los cuadrados de masa, doble los vértices hacia arriba y únalos allí mojándolos.",
        "Lleve los pastelitos a horno caliente durante unos veinte minutos."
    ],
    "servings": "Comen 4",
    "difficulty": "Fácil"
}