{
    "id": "f6bec6cbbc4545bbb893e71bf8f3f3df",
    "name": "Panqueques de chocolate",
    "country": "Argentina",
    "time": "Total: 22' = 20' prep. + 2' coc.",
    "link": "https://www.recetas.com/receta-de-Panqueques-de-chocolate-6199.html",
    "ingredients": [
        "3 cdas. de cacao dulce1 taza de harina 00002 cdas. de azúcarEsencia de vainilla2 huevos1/2 taza de leche25 gr. de manteca derretida"
    ],
    "steps": [
        "Mezclar el cacao con la harina y el azúcar, perfumar con esencia de vainilla y agregar las yemas y leche lentamente, a medida que se revuelve con el batidor.",
        "Añadir la manteca derretida y fría y por último las claras batidas a nieve, mezclando en forma envolvente.",
        "Calentar en una sartén o panquequera una cucharadita de manteca y con ayuda de un cucharón, tomar una porción de pasta, volcar en el centro de la sartén (los medallones no deben ser muy grandes), cocinar a fuego mínimo durante 1 minuto aproximadamente de cada lado.",
        "Apilar los panqueques a medida que se van cocinando para que no se sequen."
    ],
    "servings": "Comen 4",
    "difficulty": "Normal"
}