{
    "id": "f81a6e34725f4aef9ad00f6d09a793d9",
    "name": "One-Pan Salsa Verde Beef Tacos",
    "country": "mexico",
    "time": 25,
    "link": "https://www.hellofresh.com/recipes/one-pan-salsa-verde-beef-tacos-66e1e4cc006f668272d6cc0d",
    "ingredients": [
        "4 ounceGrape Tomatoes",
        "2 unitScallions",
        "1 unitLong Green Pepper",
        "3 tablespoonSour Cream(Contains  Milk)",
        "1 tablespoonSouthwest Spice Blend",
        "7.06 ounceGreen Salsa",
        "10 ounceGround Beef",
        "6 unitFlour Tortillas(Contains  Soy, Wheat)",
        "¼ cupMonterey Jack Cheese(Contains  Milk)",
        "Butter(Contains  Milk)",
        "Cooking Oil",
        "Salt",
        "Pepper"
    ],
    "steps": [
        "• Wash and dry produce.\n• Halve tomatoes lengthwise. Trim and\nthinly slice scallions, separating whites\nfrom greens. Core, deseed, and dice\ngreen pepper.\nRinse shrimp* under cold water,\nthen pat dry with paper towels.",
        "• In a small bowl, combine sour cream,\n1 tsp Southwest Spice Blend (2 tsp for\n4 servings), salt, and pepper. (You’ll use\nthe rest of the Southwest Spice Blend\nlater.) Add water 1 tsp at a time until\nmixture reaches a drizzling consistency.\n• In a separate small bowl, combine\ntomatoes, scallion whites, and 1 TBSP\ngreen salsa (you’ll use the rest later).\nSeason with salt and pepper.",
        "• Heat a large drizzle of oil in a large\npan over medium-high heat. Add\ngreen pepper and season with salt\nand pepper. Cook, stirring, until\nsoftened, 4-6 minutes.",
        "• Add pork* and another drizzle of oil to\nsame pan. Season with salt, pepper,\nand remaining Southwest Spice\nBlend. Cook, breaking up meat into\npieces, until pork is browned and\ncooked through, 4-6 minutes. TIP:\nIf there’s excess grease in your pan,\ncarefully pour it out.\nSwap in shrimp or beef* for pork.\nCook, stirring frequently, until cooked\nthrough, 3-5 minutes for shrimp or\n4-6 minutes for beef.",
        "• Add remaining green salsa to pan\nwith pork; bring to a simmer over\nmedium-high heat. Cook until slightly\nthickened, 2-3 minutes.\n• Stir in 1 TBSP butter (2 TBSP for\n4 servings) until melted. Season with\nsalt and pepper. Turn off heat.",
        "• Wrap tortillas in damp paper towels\nand microwave until warm and pliable,\n30 seconds.\n• Divide tortillas between plates and fill\nwith pork mixture, Monterey Jack,\ntomato salsa, and crema. Sprinkle\nwith scallion greens and serve.\nGround Beef is fully cooked when internal temperature reaches 160°."
    ],
    "servings": "2",
    "difficulty": "Easy"
}