{
    "id": "f846e31fdf38431c80ed291f26fb1bee",
    "name": "Crumble de frutos rojos",
    "country": "Argentina",
    "time": "Total: 32' = 20' prep. + 12' coc.",
    "link": "https://www.recetas.com/receta-de-Crumble-de-frutos-rojos-5621.html",
    "ingredients": [
        "50 gr. de azúcar50 gr. de almendras en polvo60 gr. de manteca50 gr. de harina1 yema de huevo250 gr. de frutillas100 gr. de frambuesas100 gr. de moras100 gr. de grosellasHelado de Crema Americana (a gusto)"
    ],
    "steps": [
        "Para la masa: Mezclar el azúcar, las almendras, 50 gr. de manteca, la harina y la yema de huevo. Amasar con las manos para obtener una masa desmenuzada y poner en la placa del horno sobre papel de aluminio.Relleno: Lavar los frutos y cortar las frutillas en dos. Introducir la masa en el horno precalentado a 170ºC durante 12 minutos. Saltear los frutos durante 10 minutos en la manteca fundida.",
        "Repartir una cucharada grande de las frutas en platos de postre, poner por encima la pasta todavía caliente y una bola de helado de crema americana."
    ],
    "servings": "Comen 4",
    "difficulty": "Normal"
}