{
    "id": "f92602c7328040f09355807bf658c40b",
    "name": "Bruschetas al pesto",
    "country": "Italia",
    "time": "Total: 15' = 10' prep. + 5' coc.",
    "link": "https://www.recetas.com/bruschetas-al-pesto.html",
    "ingredients": [
        "Hojas de albahaca 1 o 2 dientes de ajo Aceite de olivaSalNueces o piñones Queso rallado1 baguette"
    ],
    "steps": [
        "Machacar en el mortero un buen puñado de hojas de albahaca junto con los dientes de ajo.",
        "Agregar las nueces semitrituradas y abundante queso rallado, e ir incorporando el aceite de oliva, hasta obtener una salsa espesa.",
        "Ajustar de sal y distribuir sobre rodajas de baguette, espolvorear con más queso rallado y hornear."
    ],
    "servings": "Comen 4",
    "difficulty": "Normal"
}