{
    "id": "fc194ae46adf43bd854190d1b311f243",
    "name": "Pan amasado",
    "country": "Chile",
    "time": "Total: 25' = 10' prep. + 15' coc.",
    "link": "https://www.recetas.com/receta-de-Pan-amasado-6367.html",
    "ingredients": [
        "1 kg. de harina1 cda. sopera de manteca1 cdta. de polvos de hornear1 y 1/2 o 2 tazas de agua fria1 cda. de levadura fresca1 cdta. de sal"
    ],
    "steps": [
        "Disuelva la sal, la levadura y la manteca en agua. Junte la harina con los polvos de hornear.Mezcle poco a poco todos los ingredientes hasta formar una masa compacta.",
        "Divida la masa en 16 porciones y forme panes. Cueza en horno moderado durante 15 minutos."
    ],
    "servings": "Comen 16",
    "difficulty": "Fácil"
}