{
    "id": "fc4253082e634cb0b156d87140091b4c",
    "name": "Mousse de chocolate y dulce de leche",
    "country": "Argentina",
    "time": "Total: 30' = 20' prep. + 10' coc.",
    "link": "https://www.recetas.com/mousse-de-chocolate-y-dulce-de-leche.html",
    "ingredients": [
        "200 gr. de chocolate amargo100 gr. de mantequilla8 huevos250 gr. de azúcar100 gr. de almendras al chocolate1 cda. de ron200 gr. de dulce de leche1 taza de crema Chantilly1 taza de rulos de chocolate"
    ],
    "steps": [
        "Derretir el chocolate a baño María, dejar entibiar.",
        "Batir la mantequilla. Batir las yemas con la mitad del azúcar a blanco.",
        "Mezclar el chocolate tibio con la mantequilla y luego las yemas.",
        "Aparte batir las claras a nieve con el azúcar restante. Agregarlas, con movimiento envolvente, al chocolate y por último perfumar con el ron.",
        "Forrar un molde grande con papel film, verter la mitad de la mezcla de chocolate. Cubrir con las almendras y llevar al freezer 15 minutos.",
        "Cubrir con cdas. de dulce de leche y distribuir el resto de crema de chocolate. Llevar al freezer hasta el momento de servir.",
        "Desmoldar y acompañar con crema Chantilly y rulos de chocolate."
    ],
    "servings": "Comen 8",
    "difficulty": "Normal"
}