{
    "id": "fc4aba6c7d364154ba316362fd58911d",
    "name": "Herrings rolled with mustard & pancetta",
    "country": "sweden",
    "time": "Preparation and cooking time Prep: 30 mins Cook: 20 mins",
    "link": "https://www.bbcgoodfood.com/recipes/herrings-rolled-mustard-pancetta",
    "ingredients": [
        "8 herring fillets",
        "2 tbsp Dijon mustard",
        "8 thin slices pancetta",
        "8 bay leaves",
        "1 lemon cut into 8 thin slices",
        "1 tbsp olive oil"
    ],
    "steps": [
        "step 1 Heat oven to 220C/fan 200C/gas 7. Lay the fillets, skin-side down, brush them with mustard and lay a slice of pancetta on each. Starting from the tail end, roll the fillet up with the pancetta into a spiral, then secure with a toothpick, a bay leaf and a lemon slice. Sit the fillets in a baking tray or ceramic dish.",
        "step 2 Drizzle the fillets with olive oil, then roast for 15-20 mins until cooked through and starting to brown at the edges. Serve 2 fillets per person with new potatoes or a crunchy apple and onion salad."
    ],
    "servings": "Serves 4",
    "difficulty": "Easy"
}