{
    "id": "fda8d478dbf849b3bb2198b1ad3353ad",
    "name": "Creamy courgette lasagne",
    "country": "italy",
    "time": "Preparation and cooking time Prep: 10 mins Cook: 20 mins",
    "link": "https://www.bbcgoodfood.com/recipes/creamy-courgette-lasagne",
    "ingredients": [
        "9 dried lasagne sheets",
        "1 tbsp sunflower oil",
        "1 onion finely chopped",
        "700g courgette (about 6), coarsely grated",
        "2 garlic cloves crushed",
        "250g tub ricotta",
        "50g cheddar",
        "350g jar tomato sauce for pasta"
    ],
    "steps": [
        "step 1 Heat oven to 220C/fan 200C/gas 7. Put a pan of water on to boil, then cook the lasagne sheets for about 5 mins until softened, but not cooked through. Rinse in cold water, then drizzle with a little oil to stop them sticking together.",
        "step 2 Meanwhile, heat the oil in a large frying pan , then fry the onion. After 3 mins, add the courgettes and garlic and continue to fry until the courgette has softened and turned bright green. Stir in 2/3 of both the ricotta and the cheddar, then season to taste. Heat the tomato sauce in the microwave for 2 mins on High until hot.",
        "step 3 In a large baking dish, layer up the lasagne, starting with half the courgette mix, then pasta, then tomato sauce. Repeat, top with blobs of the remaining ricotta, then scatter with the rest of the cheddar. Bake on the top shelf for about 10 mins until the pasta is tender and the cheese is golden."
    ],
    "servings": "Serves 4",
    "difficulty": "Easy"
}