{
    "id": "fdcc546d965a48dfb197521060033d5f",
    "name": "Canastitas tiernas",
    "country": "Argentina",
    "time": "Total: 30' = 15' prep. + 15' coc.",
    "link": "https://www.recetas.com/receta-de-Canastitas-tiernas-4159.html",
    "ingredients": [
        "300 gr. de harina130 gr. de manteca130 gr. de azúcarCáscara de limón ralladaPizca de sal1 huevo"
    ],
    "steps": [
        "Preparación:Amase con las manos los ingredientes indicados. Deje enfriar durante 1 hora. Estire y haga círculos de 4 a 5 cm con un cortapastas. Utilice la masa restante para hacer bordes, o rellene pequeños moldes de tarteletas.",
        "­Forre una plancha de metal con papel manteca y cocine las tortitas sobre ella, a horno moderado durante quince minutos.",
        "Deje enfriar y rellénelas con la crema y las frutas elegidas."
    ],
    "servings": "Comen 10",
    "difficulty": "Fácil"
}