{
    "id": "fea0b37a56054a67839f120d9eb8d366",
    "name": "Tepache",
    "country": "Mexico",
    "time": "Total: 50' = 20' prep. + 30' coc.",
    "link": "https://www.recetas.com/receta-de-Tepache-2783.html",
    "ingredients": [
        "1 piña entera madura (alrededor de 1 ½ kg.)"
    ],
    "steps": [
        "Preparación:",
        "Lavar la piña perfectamente, quitar el tallo y cortar el resto en trozos grandes incluso con la cáscara. Colocar los pedazos de piña en un recipiente grande y agregar 8 tazas de agua, el piloncillo, la canela y los clavos. Tapar y dejar reposar en un sitio caliente durante 48 horas. Colar el líquido resultante -el tepache- y agregar las otras 4 tazas de agua. O, si prefiere, añadir 1 taza (½ lt.) de cerveza clara y dejar reposar otras 12 horas. Colar y añadir 3 tazas (3/4 lt) de agua."
    ],
    "servings": "Comen 4",
    "difficulty": "Fácil"
}